source,target,weight
AnDinh,AnLacTay,0.350795
AnDinh,AnNinh,0.005231
AnDinh,BenTrai,0.008359
AnDinh,CauNoi,0.185470
AnDinh,GiongTrom,0.005664
AnDinh,HuongMy,0.509885
AnDinh,SonDoc,0.015166
AnDinh,ThanhPhu,0.007271
AnDinh,TraVinh,0.822958
AnDinh,VungLiem,0.030271
AnLacTay,AnDinh,0.350795
AnLacTay,AnNinh,0.185424
AnLacTay,CauNoi,0.028609
AnLacTay,CauQuan,0.046729
AnLacTay,DaiNgai,0.065046
AnLacTay,HungMy,0.015151
AnLacTay,HuongMy,0.033531
AnLacTay,LongPhu,0.003408
AnLacTay,MyHoa,0.015151
AnLacTay,TraVinh,0.154133
AnLacTay,VungLiem,0.018082
AnNinh,AnDinh,0.005231
AnNinh,AnLacTay,0.185424
AnNinh,CauQuan,0.450002
AnNinh,DaiNgai,0.624590
AnNinh,HungMy,0.014500
AnNinh,LongPhu,0.134764
AnNinh,MyHoa,0.014500
AnNinh,PhungHiep,0.002385
AnNinh,SocTrang,0.009534
AnThuan,Batri,0.626678
AnThuan,BenTrai,0.286756
AnThuan,BinhDai,0.006177
AnThuan,CauNoi,0.007760
AnThuan,GiongTrom,0.024765
AnThuan,HuongMy,0.016440
AnThuan,LocThuan,0.016071
AnThuan,SonDoc,0.250198
AnThuan,ThanhPhu,0.313673
AnThuan,TraVinh,0.003129
Batri,AnThuan,0.626678
Batri,BenTrai,0.057995
Batri,BinhDai,0.057060
Batri,GiongTrom,0.125934
Batri,HoaBinh,0.004942
Batri,HuongMy,0.013601
Batri,LocThuan,0.100945
Batri,SonDoc,0.434082
Batri,ThanhPhu,0.065065
Batri,VamKenh,0.003194
BenLuc,TanAn,0.297842
BenLuc,TuyenNhon,0.003529
BenTrai,AnDinh,0.008359
BenTrai,AnThuan,0.286756
BenTrai,Batri,0.057995
BenTrai,CauNoi,0.229482
BenTrai,GiongTrom,0.003240
BenTrai,HuongMy,0.069812
BenTrai,SonDoc,0.082355
BenTrai,ThanhPhu,0.998008
BenTrai,TraVinh,0.047366
BinhDai,AnThuan,0.006177
BinhDai,Batri,0.057060
BinhDai,GiongTrom,0.004884
BinhDai,HoaBinh,0.145395
BinhDai,LocThuan,0.922460
BinhDai,SonDoc,0.003889
BinhDai,VamKenh,0.592821
CaiBe,CaiLay,0.310292
CaiBe,ChoLach,0.241036
CaiBe,DongTam,0.002609
CaiBe,MyThuan,0.191162
CaiBe,VungLiem,0.002847
CaiLay,CaiBe,0.310292
CaiLay,ChoLach,0.092184
CaiLay,DongTam,0.041750
CaiLay,MyTho,0.007367
CaiLay,MyThuan,0.004450
CaMau,ThoiBinh,0.062308
CanTho,HungMy,0.018064
CanTho,MyHoa,0.018064
CanTho,PhungHiep,0.027130
CanTho,XuanKhanh,0.977264
CauNoi,AnDinh,0.185470
CauNoi,AnLacTay,0.028609
CauNoi,AnThuan,0.007760
CauNoi,BenTrai,0.229482
CauNoi,HuongMy,0.215908
CauNoi,SonDoc,0.014503
CauNoi,ThanhPhu,0.206240
CauNoi,TraVinh,0.427619
CauQuan,AnLacTay,0.046729
CauQuan,AnNinh,0.450002
CauQuan,DaiNgai,0.954345
CauQuan,LongPhu,0.669460
CauQuan,SocTrang,0.023829
CauQuan,TraKha,0.013267
CauQuan,TranDe,0.065023
ChauDoc,TanChau,0.138179
ChauDoc,VamNao,0.019244
ChoLach,CaiBe,0.241036
ChoLach,CaiLay,0.092184
ChoLach,DongTam,0.042212
ChoLach,MyTho,0.008546
ChoLach,MyThuan,0.011936
ChoLach,VungLiem,0.179404
ChoMoi,VamNao,0.042356
DaiNgai,AnLacTay,0.065046
DaiNgai,AnNinh,0.624590
DaiNgai,CauQuan,0.954345
DaiNgai,LongPhu,0.554605
DaiNgai,SocTrang,0.027144
DaiNgai,TraKha,0.005208
DaiNgai,TranDe,0.032184
DongTam,CaiBe,0.002609
DongTam,CaiLay,0.041750
DongTam,ChoLach,0.042212
DongTam,MyTho,0.812012
DongTam,TanAn,0.015455
DongTam,VungLiem,0.003152
GiongTrom,AnDinh,0.005664
GiongTrom,AnThuan,0.024765
GiongTrom,Batri,0.125934
GiongTrom,BenTrai,0.003240
GiongTrom,BinhDai,0.004884
GiongTrom,HoaBinh,0.021444
GiongTrom,HuongMy,0.082743
GiongTrom,LocThuan,0.004955
GiongTrom,MyTho,0.005947
GiongTrom,SonDoc,0.505583
GiongTrom,ThanhPhu,0.003413
GiongTrom,TraVinh,0.010134
GoQuao,KhanhThanhTan,0.014468
GoQuao,ViThanh,0.203410
GoQuao,XeoRo,0.005229
HoaBinh,Batri,0.004942
HoaBinh,BinhDai,0.145395
HoaBinh,GiongTrom,0.021444
HoaBinh,LocThuan,0.071012
HoaBinh,MyTho,0.004431
HoaBinh,SonDoc,0.002146
HoaBinh,VamKenh,0.180913
HungMy,AnLacTay,0.015151
HungMy,AnNinh,0.014500
HungMy,CanTho,0.018064
HungMy,PhungHiep,0.009262
HungMy,VungLiem,0.019048
HungMy,XuanKhanh,0.009683
HuongMy,AnDinh,0.509885
HuongMy,AnLacTay,0.033531
HuongMy,AnThuan,0.016440
HuongMy,Batri,0.013601
HuongMy,BenTrai,0.069812
HuongMy,CauNoi,0.215908
HuongMy,GiongTrom,0.082743
HuongMy,SonDoc,0.219867
HuongMy,ThanhPhu,0.065311
HuongMy,TraVinh,0.723616
HuongMy,VungLiem,0.007829
KhanhThanhTan,GoQuao,0.014468
KhanhThanhTan,LuynhQuynh,0.427610
KhanhThanhTan,PhuocLong,0.394133
KhanhThanhTan,TamNgan,0.427610
KhanhThanhTan,ViThanh,0.051440
LocThuan,AnThuan,0.016071
LocThuan,Batri,0.100945
LocThuan,BinhDai,0.922460
LocThuan,GiongTrom,0.004955
LocThuan,HoaBinh,0.071012
LocThuan,SonDoc,0.006254
LocThuan,VamKenh,0.386019
LongPhu,AnLacTay,0.003408
LongPhu,AnNinh,0.134764
LongPhu,CauQuan,0.669460
LongPhu,DaiNgai,0.554605
LongPhu,SocTrang,0.094737
LongPhu,TraKha,0.024119
LongPhu,TranDe,0.238932
LuynhQuynh,KhanhThanhTan,0.427610
LuynhQuynh,PhuocLong,0.296693
MyHoa,AnLacTay,0.015151
MyHoa,AnNinh,0.014500
MyHoa,CanTho,0.018064
MyHoa,PhungHiep,0.009262
MyHoa,VungLiem,0.019048
MyHoa,XuanKhanh,0.009683
MyTho,CaiLay,0.007367
MyTho,ChoLach,0.008546
MyTho,DongTam,0.812012
MyTho,GiongTrom,0.005947
MyTho,HoaBinh,0.004431
MyTho,TanAn,0.031700
MyThuan,CaiBe,0.191162
MyThuan,CaiLay,0.004450
MyThuan,ChoLach,0.011936
PhungHiep,AnNinh,0.002385
PhungHiep,CanTho,0.027130
PhungHiep,HungMy,0.009262
PhungHiep,MyHoa,0.009262
PhungHiep,SocTrang,0.002226
PhungHiep,XuanKhanh,0.023081
PhuocLong,KhanhThanhTan,0.394133
PhuocLong,LuynhQuynh,0.296693
PhuocLong,TamNgan,0.296693
PhuocLong,ViThanh,0.004123
RachGia,TanHiep,0.013222
RachGia,XeoRo,0.150057
SocTrang,AnNinh,0.009534
SocTrang,CauQuan,0.023829
SocTrang,DaiNgai,0.027144
SocTrang,LongPhu,0.094737
SocTrang,PhungHiep,0.002226
SocTrang,TranDe,0.005277
SonDoc,AnDinh,0.015166
SonDoc,AnThuan,0.250198
SonDoc,Batri,0.434082
SonDoc,BenTrai,0.082355
SonDoc,BinhDai,0.003889
SonDoc,CauNoi,0.014503
SonDoc,GiongTrom,0.505583
SonDoc,HoaBinh,0.002146
SonDoc,HuongMy,0.219867
SonDoc,LocThuan,0.006254
SonDoc,ThanhPhu,0.085993
SonDoc,TraVinh,0.043743
TamNgan,KhanhThanhTan,0.427610
TamNgan,PhuocLong,0.296693
TanAn,BenLuc,0.297842
TanAn,DongTam,0.015455
TanAn,MyTho,0.031700
TanChau,ChauDoc,0.138179
TanChau,VamNao,0.012783
TanHiep,RachGia,0.013222
ThanhPhu,AnDinh,0.007271
ThanhPhu,AnThuan,0.313673
ThanhPhu,Batri,0.065065
ThanhPhu,BenTrai,0.998008
ThanhPhu,CauNoi,0.206240
ThanhPhu,GiongTrom,0.003413
ThanhPhu,HuongMy,0.065311
ThanhPhu,SonDoc,0.085993
ThanhPhu,TraVinh,0.042308
ThoiBinh,CaMau,0.062308
TraKha,CauQuan,0.013267
TraKha,DaiNgai,0.005208
TraKha,LongPhu,0.024119
TraKha,TranDe,0.291686
TranDe,CauQuan,0.065023
TranDe,DaiNgai,0.032184
TranDe,LongPhu,0.238932
TranDe,SocTrang,0.005277
TranDe,TraKha,0.291686
TraVinh,AnDinh,0.822958
TraVinh,AnLacTay,0.154133
TraVinh,AnThuan,0.003129
TraVinh,BenTrai,0.047366
TraVinh,CauNoi,0.427619
TraVinh,GiongTrom,0.010134
TraVinh,HuongMy,0.723616
TraVinh,SonDoc,0.043743
TraVinh,ThanhPhu,0.042308
TraVinh,VungLiem,0.006550
TuyenNhon,BenLuc,0.003529
VamKenh,Batri,0.003194
VamKenh,BinhDai,0.592821
VamKenh,HoaBinh,0.180913
VamKenh,LocThuan,0.386019
VamNao,ChauDoc,0.019244
VamNao,ChoMoi,0.042356
VamNao,TanChau,0.012783
ViThanh,GoQuao,0.203410
ViThanh,KhanhThanhTan,0.051440
ViThanh,PhuocLong,0.004123
VungLiem,AnDinh,0.030271
VungLiem,AnLacTay,0.018082
VungLiem,CaiBe,0.002847
VungLiem,ChoLach,0.179404
VungLiem,DongTam,0.003152
VungLiem,HungMy,0.019048
VungLiem,HuongMy,0.007829
VungLiem,MyHoa,0.019048
VungLiem,TraVinh,0.006550
XeoRo,GoQuao,0.005229
XeoRo,RachGia,0.150057
XuanKhanh,CanTho,0.977264
XuanKhanh,HungMy,0.009683
XuanKhanh,MyHoa,0.009683
XuanKhanh,PhungHiep,0.023081
