datetime,y_true,y_pred
2021-02-07 05:00:00+00:00,0.2,0.76054
2021-02-07 07:00:00+00:00,0.1,0.784493
2021-02-07 09:00:00+00:00,0.1,0.71833694
2021-02-07 11:00:00+00:00,0.1,0.58081895
2021-02-07 13:00:00+00:00,0.1,0.40089327
2021-02-07 15:00:00+00:00,0.2,0.27291918
2021-02-07 17:00:00+00:00,0.1,0.2209474
2021-02-07 19:00:00+00:00,0.1,0.22281249
2021-02-07 21:00:00+00:00,0.2,0.22376145
2021-02-07 23:00:00+00:00,0.2,0.21131618
2021-02-08 01:00:00+00:00,0.3,0.17923804
2021-02-08 03:00:00+00:00,0.2,0.13698696
2021-02-08 05:00:00+00:00,0.1,0.107211575
2021-02-08 07:00:00+00:00,0.1,0.082229525
2021-02-08 09:00:00+00:00,0.1,0.07671265
2021-02-08 11:00:00+00:00,0.1,0.09242205
2021-02-08 13:00:00+00:00,0.1,0.11206633
2021-02-08 15:00:00+00:00,0.2,0.14047083
2021-02-08 17:00:00+00:00,0.2,0.16255964
2021-02-08 19:00:00+00:00,0.1,0.17999376
2021-02-08 21:00:00+00:00,0.1,0.1975706
2021-02-08 23:00:00+00:00,0.2,0.20503287
2021-02-11 01:00:00+00:00,0.3,0.19747798
2021-02-11 03:00:00+00:00,0.4,0.17676832
2021-02-11 05:00:00+00:00,0.3,0.16003178
2021-02-11 07:00:00+00:00,0.3,0.1464227
2021-02-11 09:00:00+00:00,0.2,0.13556096
2021-02-11 11:00:00+00:00,0.1,0.13772878
2021-02-11 13:00:00+00:00,0.2,0.15348746
2021-02-11 15:00:00+00:00,0.3,0.17406715
2021-02-11 17:00:00+00:00,0.4,0.20014213
2021-02-11 19:00:00+00:00,0.3,0.22114556
2021-02-11 21:00:00+00:00,0.2,0.25514233
2021-02-11 23:00:00+00:00,0.2,0.28784817
2021-02-12 01:00:00+00:00,0.3,0.3079508
2021-02-12 03:00:00+00:00,0.6,0.32263643
2021-02-12 05:00:00+00:00,0.5,0.31863368
2021-02-12 07:00:00+00:00,0.4,0.30079216
2021-02-12 09:00:00+00:00,0.3,0.27105165
2021-02-12 11:00:00+00:00,0.2,0.25413954
2021-02-12 13:00:00+00:00,0.2,0.26146525
2021-02-12 15:00:00+00:00,0.4,0.28415567
2021-02-12 17:00:00+00:00,0.5,0.3259542
2021-02-12 19:00:00+00:00,0.3,0.34018278
2021-02-12 21:00:00+00:00,0.3,0.35363233
2021-02-12 23:00:00+00:00,0.2,0.3829062
2021-02-13 01:00:00+00:00,0.4,0.4164644
2021-02-13 03:00:00+00:00,0.5,0.43976545
2021-02-13 05:00:00+00:00,0.7,0.44867527
2021-02-13 07:00:00+00:00,0.4,0.42020458
2021-02-13 09:00:00+00:00,0.3,0.35104942
2021-02-13 11:00:00+00:00,0.2,0.3144377
2021-02-13 13:00:00+00:00,0.1,0.30209827
2021-02-13 15:00:00+00:00,0.1,0.32638448
2021-02-13 17:00:00+00:00,0.2,0.34726208
2021-02-13 19:00:00+00:00,0.3,0.37633896
2021-02-13 21:00:00+00:00,0.2,0.37175536
2021-02-13 23:00:00+00:00,0.2,0.3920369
2021-02-18 01:00:00+00:00,0.1,0.4294572
2021-02-18 03:00:00+00:00,0.1,0.44760305
2021-02-18 05:00:00+00:00,0.2,0.4258684
2021-02-18 07:00:00+00:00,0.3,0.36226553
2021-02-18 09:00:00+00:00,0.4,0.27418852
2021-02-18 11:00:00+00:00,0.2,0.1828532
2021-02-18 13:00:00+00:00,0.1,0.1343079
2021-02-18 15:00:00+00:00,0.1,0.117804214
2021-02-18 17:00:00+00:00,0.2,0.123442486
2021-02-18 19:00:00+00:00,0.2,0.14028594
2021-02-18 21:00:00+00:00,0.3,0.15563178
2021-02-18 23:00:00+00:00,0.2,0.17357494
2021-02-19 01:00:00+00:00,0.1,0.18006124
2021-02-19 03:00:00+00:00,0.1,0.19535469
2021-02-19 05:00:00+00:00,0.1,0.21885864
2021-02-19 07:00:00+00:00,0.2,0.24014385
2021-02-19 09:00:00+00:00,0.3,0.23717986
2021-02-19 11:00:00+00:00,0.2,0.22674091
2021-02-19 13:00:00+00:00,0.1,0.2063746
2021-02-19 15:00:00+00:00,0.1,0.19140415
2021-02-19 17:00:00+00:00,0.2,0.19044264
2021-02-19 19:00:00+00:00,0.3,0.18969353
2021-02-19 21:00:00+00:00,0.4,0.18841757
2021-02-19 23:00:00+00:00,0.3,0.184974
2021-02-22 01:00:00+00:00,0.2,0.17219253
2021-02-22 03:00:00+00:00,0.2,0.16514613
2021-02-22 05:00:00+00:00,0.1,0.17227598
2021-02-22 07:00:00+00:00,0.1,0.18862922
2021-02-22 09:00:00+00:00,0.1,0.20276423
2021-02-22 11:00:00+00:00,0.1,0.21749611
2021-02-22 13:00:00+00:00,0.2,0.22629453
2021-02-22 15:00:00+00:00,0.3,0.2417729
2021-02-22 17:00:00+00:00,0.3,0.27032983
2021-02-22 19:00:00+00:00,0.2,0.2852251
2021-02-22 21:00:00+00:00,0.2,0.28310335
2021-02-22 23:00:00+00:00,0.2,0.2575717
2021-02-23 01:00:00+00:00,0.1,0.21450002
2021-02-23 03:00:00+00:00,0.1,0.1760815
2021-02-23 05:00:00+00:00,0.1,0.15340333
2021-02-23 07:00:00+00:00,0.1,0.14730845
2021-02-23 09:00:00+00:00,0.1,0.15542378
2021-02-23 11:00:00+00:00,0.1,0.1828457
2021-02-23 13:00:00+00:00,0.2,0.21588118
2021-02-23 15:00:00+00:00,0.3,0.23121203
2021-02-23 17:00:00+00:00,0.4,0.23253478
2021-02-23 19:00:00+00:00,0.2,0.2179064
2021-02-23 21:00:00+00:00,0.2,0.19057967
2021-02-23 23:00:00+00:00,0.2,0.1592414
2021-02-26 01:00:00+00:00,0.2,0.1326726
2021-02-26 03:00:00+00:00,0.4,0.12303829
2021-02-26 05:00:00+00:00,0.3,0.13021007
2021-02-26 07:00:00+00:00,0.2,0.15625048
2021-02-26 09:00:00+00:00,0.1,0.17781778
2021-02-26 11:00:00+00:00,0.1,0.21418275
2021-02-26 13:00:00+00:00,0.2,0.25391924
2021-02-26 15:00:00+00:00,0.3,0.28068596
2021-02-26 17:00:00+00:00,0.4,0.3061918
2021-02-26 19:00:00+00:00,0.3,0.3011787
2021-02-26 21:00:00+00:00,0.2,0.28583688
2021-02-26 23:00:00+00:00,0.2,0.27348047
2021-02-27 01:00:00+00:00,0.4,0.2676118
2021-02-27 03:00:00+00:00,0.7,0.26107293
2021-02-27 05:00:00+00:00,0.6,0.24437456
2021-02-27 07:00:00+00:00,0.5,0.22802337
2021-02-27 09:00:00+00:00,0.3,0.21353094
2021-02-27 11:00:00+00:00,0.2,0.21668406
2021-02-27 13:00:00+00:00,0.3,0.24157794
2021-02-27 15:00:00+00:00,0.4,0.28796995
2021-02-27 17:00:00+00:00,0.5,0.3494246
2021-02-27 19:00:00+00:00,0.3,0.38386035
2021-02-27 21:00:00+00:00,0.2,0.42196536
2021-02-27 23:00:00+00:00,0.2,0.46789682
2021-03-01 01:00:00+00:00,0.4,0.5216892
2021-03-01 03:00:00+00:00,0.6,0.5713786
2021-03-01 05:00:00+00:00,0.8,0.5702556
2021-03-01 07:00:00+00:00,1.0,0.5117495
2021-03-01 09:00:00+00:00,0.8,0.40574962
2021-03-01 11:00:00+00:00,0.5,0.3292982
2021-03-01 13:00:00+00:00,0.2,0.3007375
2021-03-01 15:00:00+00:00,0.3,0.30910546
2021-03-01 17:00:00+00:00,0.5,0.3218403
2021-03-01 19:00:00+00:00,0.9,0.34597236
2021-03-01 21:00:00+00:00,0.7,0.41532028
2021-03-01 23:00:00+00:00,0.4,0.50434256
2021-03-02 01:00:00+00:00,0.3,0.61335886
2021-03-02 03:00:00+00:00,0.6,0.72986865
2021-03-02 05:00:00+00:00,0.9,0.86699474
2021-03-02 07:00:00+00:00,1.1,0.92823505
2021-03-02 09:00:00+00:00,0.9,0.8656242
2021-03-02 11:00:00+00:00,0.4,0.6454046
2021-03-02 13:00:00+00:00,0.3,0.45254707
2021-03-02 15:00:00+00:00,0.5,0.4022234
2021-03-02 17:00:00+00:00,0.8,0.47980976
2021-03-02 19:00:00+00:00,1.0,0.5722862
2021-03-02 21:00:00+00:00,1.2,0.6142708
2021-03-02 23:00:00+00:00,0.8,0.59892166
2021-03-03 01:00:00+00:00,0.4,0.58427626
2021-03-03 03:00:00+00:00,0.7,0.67338645
2021-03-03 05:00:00+00:00,0.9,0.8318964
2021-03-03 07:00:00+00:00,1.3,0.91696537
2021-03-03 09:00:00+00:00,1.5,0.83868575
2021-03-03 11:00:00+00:00,1.0,0.70738405
2021-03-03 13:00:00+00:00,0.4,0.5840267
2021-03-03 15:00:00+00:00,0.6,0.5787238
2021-03-03 17:00:00+00:00,0.9,0.77192485
2021-03-03 19:00:00+00:00,1.4,0.9676415
2021-03-03 21:00:00+00:00,1.4,1.0412959
2021-03-03 23:00:00+00:00,0.9,0.9718391
2021-03-07 01:00:00+00:00,0.8,0.80902934
2021-03-07 03:00:00+00:00,0.5,0.76393646
2021-03-07 05:00:00+00:00,0.3,0.9972842
2021-03-07 07:00:00+00:00,0.4,1.2851852
2021-03-07 09:00:00+00:00,0.5,1.3419932
2021-03-07 11:00:00+00:00,0.6,1.06258
2021-03-07 13:00:00+00:00,1.0,0.7109239
2021-03-07 15:00:00+00:00,0.8,0.6643201
2021-03-07 17:00:00+00:00,1.0,0.8080317
2021-03-07 19:00:00+00:00,1.1,0.9858215
2021-03-07 21:00:00+00:00,1.3,1.052364
2021-03-07 23:00:00+00:00,1.8,0.88101625
2021-03-08 01:00:00+00:00,1.5,0.58063143
2021-03-08 03:00:00+00:00,1.0,0.38115692
2021-03-08 05:00:00+00:00,0.8,0.2663715
2021-03-08 07:00:00+00:00,0.6,0.32197225
2021-03-08 09:00:00+00:00,0.5,0.48130023
2021-03-08 11:00:00+00:00,0.6,0.70837915
2021-03-08 13:00:00+00:00,0.8,1.0260029
2021-03-08 15:00:00+00:00,1.3,1.2227112
2021-03-08 17:00:00+00:00,1.2,1.3220577
2021-03-08 19:00:00+00:00,1.1,1.5241033
2021-03-08 21:00:00+00:00,1.4,1.7606107
2021-03-08 23:00:00+00:00,1.8,1.8228573
2021-03-11 01:00:00+00:00,1.6,1.5891606
2021-03-11 03:00:00+00:00,1.9,1.1375282
2021-03-11 05:00:00+00:00,1.5,0.7559998
2021-03-11 07:00:00+00:00,1.3,0.49117696
2021-03-11 09:00:00+00:00,0.9,0.43107414
2021-03-11 11:00:00+00:00,0.6,0.61049616
2021-03-11 13:00:00+00:00,0.8,0.9240905
2021-03-11 15:00:00+00:00,1.3,1.1120602
2021-03-11 17:00:00+00:00,1.8,1.3416548
2021-03-11 19:00:00+00:00,1.5,1.4716502
2021-03-11 21:00:00+00:00,1.2,1.6435608
2021-03-11 23:00:00+00:00,1.6,1.819316
2021-03-12 01:00:00+00:00,1.9,1.9277924
2021-03-12 03:00:00+00:00,2.3,1.9012605
2021-03-12 05:00:00+00:00,2.0,1.6284671
2021-03-12 07:00:00+00:00,1.8,1.1788863
2021-03-12 09:00:00+00:00,1.3,0.71649015
2021-03-12 11:00:00+00:00,0.8,0.57312095
2021-03-12 13:00:00+00:00,1.0,0.867483
2021-03-12 15:00:00+00:00,1.5,1.3001744
2021-03-12 17:00:00+00:00,1.9,1.6022981
2021-03-12 19:00:00+00:00,1.8,1.5411907
2021-03-12 21:00:00+00:00,1.2,1.4678117
2021-03-12 23:00:00+00:00,0.9,1.572029
2021-03-13 01:00:00+00:00,1.4,1.8673242
2021-03-13 03:00:00+00:00,1.8,2.2557702
2021-03-13 05:00:00+00:00,2.4,2.23421
2021-03-13 07:00:00+00:00,2.0,1.6875029
2021-03-13 09:00:00+00:00,1.6,0.9948362
2021-03-13 11:00:00+00:00,1.0,0.6342554
2021-03-13 13:00:00+00:00,1.1,0.7705876
2021-03-13 15:00:00+00:00,1.3,1.3311654
2021-03-13 17:00:00+00:00,1.6,1.7434326
2021-03-13 19:00:00+00:00,1.8,1.6862096
2021-03-13 21:00:00+00:00,1.5,1.1972166
2021-03-13 23:00:00+00:00,1.3,0.9388
2021-03-16 01:00:00+00:00,1.1,1.0973543
2021-03-16 03:00:00+00:00,1.4,1.689223
2021-03-16 05:00:00+00:00,1.6,2.17454
2021-03-16 07:00:00+00:00,1.9,2.0411637
2021-03-16 09:00:00+00:00,1.7,1.4300277
2021-03-16 11:00:00+00:00,1.4,0.8479661
2021-03-16 13:00:00+00:00,0.9,0.74006057
2021-03-16 15:00:00+00:00,1.2,1.0000999
2021-03-16 17:00:00+00:00,1.5,1.4697974
2021-03-16 19:00:00+00:00,1.7,1.6963869
2021-03-16 21:00:00+00:00,1.7,1.5372524
2021-03-16 23:00:00+00:00,1.3,1.1546884
2021-03-17 01:00:00+00:00,1.1,0.976207
2021-03-17 03:00:00+00:00,1.1,1.0895944
2021-03-17 05:00:00+00:00,1.3,1.5473834
2021-03-17 07:00:00+00:00,1.5,1.8588048
2021-03-17 09:00:00+00:00,1.6,1.6695944
2021-03-17 11:00:00+00:00,1.2,1.1917981
2021-03-17 13:00:00+00:00,0.8,0.8499726
2021-03-17 15:00:00+00:00,0.9,0.91535926
2021-03-17 17:00:00+00:00,1.1,1.2713639
2021-03-17 19:00:00+00:00,1.3,1.6096417
2021-03-17 21:00:00+00:00,1.5,1.5949601
2021-03-17 23:00:00+00:00,1.1,1.2670676
2021-03-22 01:00:00+00:00,0.5,0.90119386
2021-03-22 03:00:00+00:00,0.4,0.818758
2021-03-22 05:00:00+00:00,0.3,1.0809039
2021-03-22 07:00:00+00:00,0.4,1.3805505
2021-03-22 09:00:00+00:00,0.5,1.3787373
2021-03-22 11:00:00+00:00,0.7,1.1018776
2021-03-22 13:00:00+00:00,0.8,0.75563765
2021-03-22 15:00:00+00:00,0.6,0.62315917
2021-03-22 17:00:00+00:00,0.8,0.7972828
2021-03-22 19:00:00+00:00,1.1,1.0273083
2021-03-22 21:00:00+00:00,1.3,1.04944
2021-03-22 23:00:00+00:00,1.4,0.77945626
2021-03-23 01:00:00+00:00,1.1,0.44970536
2021-03-23 03:00:00+00:00,0.9,0.24354656
2021-03-23 05:00:00+00:00,0.6,0.17160155
2021-03-23 07:00:00+00:00,0.4,0.25605685
2021-03-23 09:00:00+00:00,0.4,0.43108392
2021-03-23 11:00:00+00:00,0.7,0.61684936
2021-03-23 13:00:00+00:00,0.9,0.7928698
2021-03-23 15:00:00+00:00,1.1,0.9227557
2021-03-23 17:00:00+00:00,1.1,1.0931158
2021-03-23 19:00:00+00:00,0.8,1.2788968
2021-03-23 21:00:00+00:00,0.8,1.4190183
2021-03-23 23:00:00+00:00,0.7,1.4150308
2021-03-30 01:00:00+00:00,2.4,1.2255628
2021-03-30 03:00:00+00:00,2.9,0.8734767
2021-03-30 05:00:00+00:00,3.2,0.5670072
2021-03-30 07:00:00+00:00,2.7,0.419093
2021-03-30 09:00:00+00:00,2.1,0.40552825
2021-03-30 11:00:00+00:00,1.6,0.5423738
2021-03-30 13:00:00+00:00,1.5,0.7211298
2021-03-30 15:00:00+00:00,1.7,1.1404229
2021-03-30 17:00:00+00:00,1.9,1.3706452
2021-03-30 19:00:00+00:00,2.1,1.5232795
2021-03-30 21:00:00+00:00,1.8,1.6905184
2021-03-30 23:00:00+00:00,1.3,2.0512009
2021-03-31 01:00:00+00:00,1.1,2.681677
2021-03-31 03:00:00+00:00,1.4,3.4212008
2021-03-31 05:00:00+00:00,1.8,3.611311
2021-03-31 07:00:00+00:00,2.0,3.0001578
2021-03-31 09:00:00+00:00,1.7,1.9805363
2021-03-31 11:00:00+00:00,1.4,1.1435893
2021-03-31 13:00:00+00:00,1.0,0.9366709
2021-03-31 15:00:00+00:00,1.1,1.2943646
2021-03-31 17:00:00+00:00,1.5,1.89947
2021-03-31 19:00:00+00:00,1.7,2.1155438
2021-03-31 21:00:00+00:00,1.4,1.7251976
2021-03-31 23:00:00+00:00,1.1,1.1085334
2021-04-01 01:00:00+00:00,0.9,0.8830211
2021-04-01 03:00:00+00:00,1.2,1.0843862
2021-04-01 05:00:00+00:00,1.4,1.5882701
2021-04-01 07:00:00+00:00,1.7,1.9403757
2021-04-01 09:00:00+00:00,1.3,1.7297409
2021-04-01 11:00:00+00:00,0.9,1.135928
2021-04-01 13:00:00+00:00,0.6,0.7783023
2021-04-01 15:00:00+00:00,0.8,0.8499232
2021-04-01 17:00:00+00:00,1.3,1.2311648
2021-04-01 19:00:00+00:00,1.8,1.4802915
2021-04-01 21:00:00+00:00,1.5,1.3813323
2021-04-01 23:00:00+00:00,1.0,0.990685
2021-04-05 01:00:00+00:00,0.7,0.7795424
2021-04-05 03:00:00+00:00,0.5,0.8861368
2021-04-05 05:00:00+00:00,0.3,1.220136
2021-04-05 07:00:00+00:00,0.3,1.4290749
2021-04-05 09:00:00+00:00,0.6,1.259538
2021-04-05 11:00:00+00:00,1.1,0.81609726
2021-04-05 13:00:00+00:00,1.5,0.5695112
2021-04-05 15:00:00+00:00,1.0,0.688041
2021-04-05 17:00:00+00:00,0.9,1.0197703
2021-04-05 19:00:00+00:00,1.1,1.2715213
2021-04-05 21:00:00+00:00,1.3,1.2024784
2021-04-05 23:00:00+00:00,1.0,0.8697698
2021-04-06 01:00:00+00:00,0.8,0.5270661
2021-04-06 03:00:00+00:00,0.6,0.33896893
2021-04-06 05:00:00+00:00,0.4,0.25022936
2021-04-06 07:00:00+00:00,0.4,0.366831
2021-04-06 09:00:00+00:00,0.7,0.6670084
2021-04-06 11:00:00+00:00,1.0,1.0139472
2021-04-06 13:00:00+00:00,1.4,1.1600722
2021-04-06 15:00:00+00:00,1.8,1.162362
2021-04-06 17:00:00+00:00,1.6,1.1263269
2021-04-06 19:00:00+00:00,1.5,1.081469
2021-04-06 21:00:00+00:00,1.2,1.0149394
2021-04-06 23:00:00+00:00,1.5,0.91294575
2021-04-12 01:00:00+00:00,1.7,0.72855467
2021-04-12 03:00:00+00:00,2.0,0.57045674
2021-04-12 05:00:00+00:00,2.4,0.556208
2021-04-12 07:00:00+00:00,2.1,0.63131773
2021-04-12 09:00:00+00:00,1.4,0.84779596
2021-04-12 11:00:00+00:00,1.0,1.1432403
2021-04-12 13:00:00+00:00,1.3,1.6181935
2021-04-12 15:00:00+00:00,1.9,1.9855918
2021-04-12 17:00:00+00:00,2.4,2.0388312
2021-04-12 19:00:00+00:00,2.2,1.8792187
2021-04-12 21:00:00+00:00,1.6,1.6151814
2021-04-12 23:00:00+00:00,0.9,1.5021484
2021-04-13 01:00:00+00:00,1.4,1.7816261
2021-04-13 03:00:00+00:00,1.8,2.3696122
2021-04-13 05:00:00+00:00,2.2,2.5677938
2021-04-13 07:00:00+00:00,2.0,2.0848615
2021-04-13 09:00:00+00:00,1.7,1.2764456
2021-04-13 11:00:00+00:00,1.2,0.8293825
2021-04-13 13:00:00+00:00,1.6,0.94860554
2021-04-13 15:00:00+00:00,1.9,1.6763927
2021-04-13 17:00:00+00:00,2.3,2.2535086
2021-04-13 19:00:00+00:00,2.1,2.1071677
2021-04-13 21:00:00+00:00,1.7,1.4051807
2021-04-13 23:00:00+00:00,0.8,0.917477
2021-04-14 01:00:00+00:00,0.9,0.9540278
2021-04-14 03:00:00+00:00,1.2,1.5501008
2021-04-14 05:00:00+00:00,1.7,2.099639
2021-04-14 07:00:00+00:00,1.4,2.1106124
2021-04-14 09:00:00+00:00,1.2,1.5909564
2021-04-14 11:00:00+00:00,1.0,1.1622306
2021-04-14 13:00:00+00:00,0.8,1.1304625
2021-04-14 15:00:00+00:00,1.3,1.6657282
2021-04-14 17:00:00+00:00,1.7,2.20428
2021-04-14 19:00:00+00:00,1.4,2.1023014
2021-04-14 21:00:00+00:00,1.2,1.3516496
2021-04-14 23:00:00+00:00,0.9,0.7258671
2021-04-20 01:00:00+00:00,0.2,0.61140347
2021-04-20 03:00:00+00:00,0.2,0.83600974
2021-04-20 05:00:00+00:00,0.2,1.2541283
2021-04-20 07:00:00+00:00,0.3,1.4195014
2021-04-20 09:00:00+00:00,0.4,1.1125776
2021-04-20 11:00:00+00:00,0.6,0.81282014
2021-04-20 13:00:00+00:00,0.4,0.792163
2021-04-20 15:00:00+00:00,0.4,0.91541135
2021-04-20 17:00:00+00:00,0.4,1.1762654
2021-04-20 19:00:00+00:00,0.5,1.2265627
2021-04-20 21:00:00+00:00,0.3,0.9204165
2021-04-20 23:00:00+00:00,0.2,0.48672783
2021-04-21 01:00:00+00:00,0.2,0.19616653
2021-04-21 03:00:00+00:00,0.1,0.056440413
2021-04-21 05:00:00+00:00,0.1,0.056315035
2021-04-21 07:00:00+00:00,0.1,0.123450175
2021-04-21 09:00:00+00:00,0.3,0.2088844
2021-04-21 11:00:00+00:00,0.4,0.24519227
2021-04-21 13:00:00+00:00,0.5,0.26008892
2021-04-21 15:00:00+00:00,0.4,0.26757246
2021-04-21 17:00:00+00:00,0.4,0.24677218
2021-04-21 19:00:00+00:00,0.3,0.20758648
2021-04-21 21:00:00+00:00,0.3,0.16209738
2021-04-21 23:00:00+00:00,0.2,0.13560857
2021-04-25 01:00:00+00:00,0.5,0.124129325
2021-04-25 03:00:00+00:00,0.6,0.1422361
2021-04-25 05:00:00+00:00,0.4,0.1822112
2021-04-25 07:00:00+00:00,0.3,0.24940152
2021-04-25 09:00:00+00:00,0.2,0.31593138
2021-04-25 11:00:00+00:00,0.3,0.37686622
2021-04-25 13:00:00+00:00,0.5,0.40493095
2021-04-25 15:00:00+00:00,0.7,0.4390545
2021-04-25 17:00:00+00:00,0.9,0.44451392
2021-04-25 19:00:00+00:00,0.7,0.410807
2021-04-25 21:00:00+00:00,0.3,0.39477783
2021-04-25 23:00:00+00:00,0.4,0.40067255
2021-04-26 01:00:00+00:00,0.6,0.42433703
2021-04-26 03:00:00+00:00,0.7,0.4417863
2021-04-26 05:00:00+00:00,0.7,0.44040132
2021-04-26 07:00:00+00:00,0.6,0.451544
2021-04-26 09:00:00+00:00,0.4,0.46561402
2021-04-26 11:00:00+00:00,0.4,0.49466282
2021-04-26 13:00:00+00:00,0.6,0.6037977
2021-04-26 15:00:00+00:00,0.8,0.7363642
2021-04-26 17:00:00+00:00,0.9,0.7888466
2021-04-26 19:00:00+00:00,0.7,0.7372189
2021-04-26 21:00:00+00:00,0.5,0.6474053
2021-04-26 23:00:00+00:00,0.3,0.5804261
2021-04-28 01:00:00+00:00,0.4,0.58087564
2021-04-28 03:00:00+00:00,0.8,0.62245613
2021-04-28 05:00:00+00:00,1.0,0.6384072
2021-04-28 07:00:00+00:00,0.7,0.6086372
2021-04-28 09:00:00+00:00,0.5,0.55401325
2021-04-28 11:00:00+00:00,0.3,0.548556
2021-04-28 13:00:00+00:00,0.6,0.5958692
2021-04-28 15:00:00+00:00,0.9,0.6768578
2021-04-28 17:00:00+00:00,1.0,0.7421011
2021-04-28 19:00:00+00:00,0.8,0.7022045
2021-04-28 21:00:00+00:00,0.4,0.56136286
2021-04-28 23:00:00+00:00,0.4,0.49286234
2021-04-29 01:00:00+00:00,0.1,0.5208732
2021-04-29 03:00:00+00:00,0.5,0.64692986
2021-04-29 05:00:00+00:00,0.7,0.7407594
2021-04-29 07:00:00+00:00,0.9,0.7140128
2021-04-29 09:00:00+00:00,0.6,0.61748374
2021-04-29 11:00:00+00:00,0.4,0.5584966
2021-04-29 13:00:00+00:00,0.5,0.6262454
2021-04-29 15:00:00+00:00,0.8,0.67986274
2021-04-29 17:00:00+00:00,1.0,0.73532456
2021-04-29 19:00:00+00:00,0.9,0.6597545
2021-04-29 21:00:00+00:00,0.7,0.50716805
2021-04-29 23:00:00+00:00,0.4,0.35365987
2021-04-30 01:00:00+00:00,0.1,0.31743413
2021-04-30 03:00:00+00:00,0.3,0.4051605
2021-04-30 05:00:00+00:00,0.5,0.55109835
2021-04-30 07:00:00+00:00,0.7,0.6555345
2021-04-30 09:00:00+00:00,0.7,0.672806
2021-04-30 11:00:00+00:00,0.7,0.6728916
2021-04-30 13:00:00+00:00,0.5,0.70395815
2021-04-30 15:00:00+00:00,0.8,0.75383955
2021-04-30 17:00:00+00:00,0.9,0.82592297
2021-04-30 19:00:00+00:00,0.9,0.78697366
2021-04-30 21:00:00+00:00,0.7,0.61621666
2021-04-30 23:00:00+00:00,0.4,0.409629
2021-05-04 01:00:00+00:00,0.1,0.30514348
2021-05-04 03:00:00+00:00,0.1,0.29917502
2021-05-04 05:00:00+00:00,0.1,0.41927052
2021-05-04 07:00:00+00:00,0.2,0.56021816
2021-05-04 09:00:00+00:00,0.3,0.6680777
2021-05-04 11:00:00+00:00,0.5,0.7267771
2021-05-04 13:00:00+00:00,0.5,0.7566964
2021-05-04 15:00:00+00:00,0.4,0.78170204
2021-05-04 17:00:00+00:00,0.2,0.7951989
2021-05-04 19:00:00+00:00,0.2,0.708356
2021-05-04 21:00:00+00:00,0.3,0.51471066
2021-05-04 23:00:00+00:00,0.2,0.29278034
2021-05-05 01:00:00+00:00,0.2,0.14021428
2021-05-05 03:00:00+00:00,0.1,0.07062833
2021-05-05 05:00:00+00:00,0.1,0.07430734
2021-05-05 07:00:00+00:00,0.2,0.11786261
2021-05-05 09:00:00+00:00,0.3,0.18939944
2021-05-05 11:00:00+00:00,0.4,0.25909942
2021-05-05 13:00:00+00:00,0.4,0.27791858
2021-05-05 15:00:00+00:00,0.4,0.26534885
2021-05-05 17:00:00+00:00,0.3,0.22799797
2021-05-05 19:00:00+00:00,0.2,0.19407506
2021-05-05 21:00:00+00:00,0.3,0.1744949
2021-05-05 23:00:00+00:00,0.3,0.16552646
2021-05-06 01:00:00+00:00,0.2,0.17062216
2021-05-06 03:00:00+00:00,0.2,0.18981053
2021-05-06 05:00:00+00:00,0.1,0.22928868
2021-05-06 07:00:00+00:00,0.1,0.2750438
2021-05-06 09:00:00+00:00,0.2,0.31728142
2021-05-06 11:00:00+00:00,0.3,0.3632682
2021-05-06 13:00:00+00:00,0.3,0.3821175
2021-05-06 15:00:00+00:00,0.3,0.36063874
2021-05-06 17:00:00+00:00,0.2,0.32720846
2021-05-06 19:00:00+00:00,0.1,0.28311145
2021-05-06 21:00:00+00:00,0.1,0.2438427
2021-05-06 23:00:00+00:00,0.1,0.21440725
2021-05-10 01:00:00+00:00,0.1,0.1904506
2021-05-10 03:00:00+00:00,0.3,0.17118238
2021-05-10 05:00:00+00:00,0.2,0.17075981
2021-05-10 07:00:00+00:00,0.1,0.18388768
2021-05-10 09:00:00+00:00,0.1,0.2029344
2021-05-10 11:00:00+00:00,0.1,0.22186078
2021-05-10 13:00:00+00:00,0.2,0.22476567
2021-05-10 15:00:00+00:00,0.3,0.20546855
2021-05-10 17:00:00+00:00,0.2,0.1896603
2021-05-10 19:00:00+00:00,0.2,0.16240905
2021-05-10 21:00:00+00:00,0.1,0.14335075
2021-05-10 23:00:00+00:00,0.1,0.14460875
2021-05-11 01:00:00+00:00,0.1,0.15324804
2021-05-11 03:00:00+00:00,0.2,0.16496141
2021-05-11 05:00:00+00:00,0.3,0.17510195
2021-05-11 07:00:00+00:00,0.2,0.17324449
2021-05-11 09:00:00+00:00,0.1,0.18080972
2021-05-11 11:00:00+00:00,0.1,0.18914859
2021-05-11 13:00:00+00:00,0.2,0.19993733
2021-05-11 15:00:00+00:00,0.3,0.20234929
2021-05-11 17:00:00+00:00,0.2,0.1991973
2021-05-11 19:00:00+00:00,0.1,0.19347982
2021-05-11 21:00:00+00:00,0.1,0.17938705
2021-05-11 23:00:00+00:00,0.1,0.17142399
2021-05-19 01:00:00+00:00,0.1,0.1776249
2021-05-19 03:00:00+00:00,0.1,0.1931812
2021-05-19 05:00:00+00:00,0.1,0.206513
2021-05-19 07:00:00+00:00,0.1,0.20173101
2021-05-19 09:00:00+00:00,0.2,0.19292296
2021-05-19 11:00:00+00:00,0.3,0.19312651
2021-05-19 13:00:00+00:00,0.2,0.19306545
2021-05-19 15:00:00+00:00,0.2,0.18407707
2021-05-19 17:00:00+00:00,0.2,0.16548856
2021-05-19 19:00:00+00:00,0.2,0.14383101
2021-05-19 21:00:00+00:00,0.2,0.12567857
2021-05-19 23:00:00+00:00,0.1,0.12214033
2021-05-20 01:00:00+00:00,0.1,0.13328055
2021-05-20 03:00:00+00:00,0.1,0.14414826
2021-05-20 05:00:00+00:00,0.1,0.16655089
2021-05-20 07:00:00+00:00,0.1,0.19582851
2021-05-20 09:00:00+00:00,0.2,0.22233124
2021-05-20 11:00:00+00:00,0.3,0.23946889
2021-05-20 13:00:00+00:00,0.2,0.23641707
2021-05-20 15:00:00+00:00,0.2,0.22615267
2021-05-20 17:00:00+00:00,0.2,0.20862819
2021-05-20 19:00:00+00:00,0.2,0.18445064
2021-05-20 21:00:00+00:00,0.2,0.15811957
2021-05-20 23:00:00+00:00,0.2,0.1431456
2021-05-21 01:00:00+00:00,0.1,0.14256938
2021-05-21 03:00:00+00:00,0.1,0.14399794
2021-05-21 05:00:00+00:00,0.1,0.16080515
2021-05-21 07:00:00+00:00,0.1,0.1877452
2021-05-21 09:00:00+00:00,0.2,0.2142208
2021-05-21 11:00:00+00:00,0.2,0.23223348
2021-05-21 13:00:00+00:00,0.3,0.23958953
2021-05-21 15:00:00+00:00,0.2,0.22958796
2021-05-21 17:00:00+00:00,0.1,0.21663441
2021-05-21 19:00:00+00:00,0.1,0.1998728
2021-05-21 21:00:00+00:00,0.2,0.17815496
2021-05-21 23:00:00+00:00,0.2,0.16234918
2021-05-26 01:00:00+00:00,0.2,0.1480152
2021-05-26 03:00:00+00:00,0.2,0.15172316
2021-05-26 05:00:00+00:00,0.2,0.15939398
2021-05-26 07:00:00+00:00,0.2,0.17180897
2021-05-26 09:00:00+00:00,0.1,0.19017096
2021-05-26 11:00:00+00:00,0.1,0.20932998
2021-05-26 13:00:00+00:00,0.2,0.21136852
2021-05-26 15:00:00+00:00,0.2,0.20245071
2021-05-26 17:00:00+00:00,0.2,0.1944914
2021-05-26 19:00:00+00:00,0.2,0.19375207
2021-05-26 21:00:00+00:00,0.1,0.19967906
2021-05-26 23:00:00+00:00,0.1,0.19943498
2021-05-27 01:00:00+00:00,0.1,0.19893096
2021-05-27 03:00:00+00:00,0.2,0.20113583
2021-05-27 05:00:00+00:00,0.2,0.19326468
2021-05-27 07:00:00+00:00,0.2,0.18278219
2021-05-27 09:00:00+00:00,0.1,0.1785558
2021-05-27 11:00:00+00:00,0.1,0.17453207
2021-05-27 13:00:00+00:00,0.2,0.17702813
2021-05-27 15:00:00+00:00,0.2,0.17763807
2021-05-27 17:00:00+00:00,0.2,0.17840512
2021-05-27 19:00:00+00:00,0.2,0.17091204
2021-05-27 21:00:00+00:00,0.1,0.16453718
2021-05-27 23:00:00+00:00,0.1,0.15839887
2021-05-28 01:00:00+00:00,0.1,0.1617622
2021-05-28 03:00:00+00:00,0.2,0.17446561
2021-05-28 05:00:00+00:00,0.2,0.18018307
2021-05-28 07:00:00+00:00,0.2,0.18145846
2021-05-28 09:00:00+00:00,0.2,0.18457322
2021-05-28 11:00:00+00:00,0.1,0.1834773
2021-05-28 13:00:00+00:00,0.2,0.18606414
2021-05-28 15:00:00+00:00,0.2,0.1852551
2021-05-28 17:00:00+00:00,0.2,0.18426211
2021-05-28 19:00:00+00:00,0.2,0.1750835
2021-05-28 21:00:00+00:00,0.1,0.1672845
2021-05-28 23:00:00+00:00,0.1,0.16874935
2021-05-31 01:00:00+00:00,0.1,0.17104976
2021-05-31 03:00:00+00:00,0.1,0.18685742
2021-05-31 05:00:00+00:00,0.1,0.1981117
2021-05-31 07:00:00+00:00,0.1,0.20253147
2021-05-31 09:00:00+00:00,0.1,0.20410453
2021-05-31 19:00:00+00:00,0.1,0.19784386
2022-02-02 01:00:00+00:00,0.2,0.19409747
2022-02-02 03:00:00+00:00,0.3,0.18773709
2022-02-02 05:00:00+00:00,0.3,0.17439814
2022-02-02 07:00:00+00:00,0.2,0.15573852
2022-02-02 09:00:00+00:00,0.1,0.1367799
2022-02-02 11:00:00+00:00,0.1,0.12220739
2022-02-02 13:00:00+00:00,0.1,0.11375092
2022-02-02 15:00:00+00:00,0.1,0.11843513
2022-02-02 17:00:00+00:00,0.2,0.1349592
2022-02-02 19:00:00+00:00,0.2,0.15709843
2022-02-02 21:00:00+00:00,0.1,0.18034907
2022-02-02 23:00:00+00:00,0.1,0.20416896
2022-02-03 01:00:00+00:00,0.1,0.22761644
2022-02-03 03:00:00+00:00,0.3,0.23616983
2022-02-03 05:00:00+00:00,0.3,0.22251765
2022-02-03 07:00:00+00:00,0.2,0.20111425
2022-02-03 09:00:00+00:00,0.1,0.17465968
2022-02-03 11:00:00+00:00,0.1,0.14960529
2022-02-03 13:00:00+00:00,0.1,0.14159709
2022-02-03 15:00:00+00:00,0.2,0.14314753
2022-02-03 17:00:00+00:00,0.2,0.16114666
2022-02-03 19:00:00+00:00,0.2,0.17364676
2022-02-03 21:00:00+00:00,0.2,0.18021654
2022-02-03 23:00:00+00:00,0.1,0.18953528
2022-02-10 01:00:00+00:00,0.1,0.20533754
2022-02-10 03:00:00+00:00,0.1,0.21355002
2022-02-10 05:00:00+00:00,0.1,0.21364607
2022-02-10 07:00:00+00:00,0.1,0.19804959
2022-02-10 09:00:00+00:00,0.1,0.18073048
2022-02-10 11:00:00+00:00,0.1,0.1736316
2022-02-10 13:00:00+00:00,0.1,0.17029066
2022-02-10 15:00:00+00:00,0.1,0.17487185
2022-02-10 17:00:00+00:00,0.2,0.17723475
2022-02-10 19:00:00+00:00,0.2,0.17061563
2022-02-10 21:00:00+00:00,0.2,0.15594408
2022-02-10 23:00:00+00:00,0.2,0.13880922
2022-02-11 01:00:00+00:00,0.1,0.12457423
2022-02-11 03:00:00+00:00,0.1,0.11590934
2022-02-11 05:00:00+00:00,0.1,0.112638965
2022-02-11 07:00:00+00:00,0.1,0.12075983
2022-02-11 09:00:00+00:00,0.1,0.1307616
2022-02-11 11:00:00+00:00,0.1,0.14492251
2022-02-11 13:00:00+00:00,0.1,0.16441466
2022-02-11 15:00:00+00:00,0.2,0.1783172
2022-02-11 17:00:00+00:00,0.2,0.19077916
2022-02-11 19:00:00+00:00,0.2,0.19499134
2022-02-11 21:00:00+00:00,0.2,0.18696032
2022-02-11 23:00:00+00:00,0.2,0.16946487
2022-02-16 01:00:00+00:00,0.3,0.14918992
2022-02-16 03:00:00+00:00,0.4,0.13218494
2022-02-16 05:00:00+00:00,0.3,0.12900004
2022-02-16 07:00:00+00:00,0.3,0.13142319
2022-02-16 09:00:00+00:00,0.2,0.1414556
2022-02-16 11:00:00+00:00,0.2,0.15933155
2022-02-16 13:00:00+00:00,0.2,0.18172248
2022-02-16 15:00:00+00:00,0.3,0.2124808
2022-02-16 17:00:00+00:00,0.3,0.24804677
2022-02-16 19:00:00+00:00,0.3,0.27056473
2022-02-16 21:00:00+00:00,0.2,0.29767537
2022-02-16 23:00:00+00:00,0.2,0.3180247
2022-02-17 01:00:00+00:00,0.4,0.33473116
2022-02-17 03:00:00+00:00,0.6,0.33649373
2022-02-17 05:00:00+00:00,0.8,0.32805347
2022-02-17 07:00:00+00:00,0.5,0.3026141
2022-02-17 09:00:00+00:00,0.3,0.27737886
2022-02-17 11:00:00+00:00,0.2,0.25620955
2022-02-17 13:00:00+00:00,0.2,0.2522776
2022-02-17 15:00:00+00:00,0.3,0.2743382
2022-02-17 17:00:00+00:00,0.3,0.3093381
2022-02-17 19:00:00+00:00,0.4,0.36440754
2022-02-17 21:00:00+00:00,0.3,0.39966494
2022-02-17 23:00:00+00:00,0.3,0.45139134
2022-02-18 01:00:00+00:00,0.5,0.5219408
2022-02-18 03:00:00+00:00,0.7,0.579423
2022-02-18 05:00:00+00:00,0.9,0.58290344
2022-02-18 07:00:00+00:00,0.6,0.5009928
2022-02-18 09:00:00+00:00,0.4,0.3923632
2022-02-18 11:00:00+00:00,0.2,0.2902909
2022-02-18 13:00:00+00:00,0.2,0.24098398
2022-02-18 15:00:00+00:00,0.3,0.2555434
2022-02-18 17:00:00+00:00,0.4,0.30786866
2022-02-18 19:00:00+00:00,0.4,0.39238673
2022-02-18 21:00:00+00:00,0.3,0.45391113
2022-02-18 23:00:00+00:00,0.3,0.5311236
2022-02-21 01:00:00+00:00,0.3,0.6150718
2022-02-21 03:00:00+00:00,0.4,0.68879175
2022-02-21 05:00:00+00:00,0.4,0.694998
2022-02-21 07:00:00+00:00,0.5,0.5987445
2022-02-21 09:00:00+00:00,0.3,0.4391927
2022-02-21 11:00:00+00:00,0.3,0.29838777
2022-02-21 13:00:00+00:00,0.3,0.23320536
2022-02-21 15:00:00+00:00,0.3,0.2231683
2022-02-21 17:00:00+00:00,0.4,0.2443188
2022-02-21 19:00:00+00:00,0.5,0.26119685
2022-02-21 21:00:00+00:00,0.4,0.28841323
2022-02-21 23:00:00+00:00,0.3,0.29741305
2022-02-22 01:00:00+00:00,0.3,0.3223257
2022-02-22 03:00:00+00:00,0.3,0.35174704
2022-02-22 05:00:00+00:00,0.4,0.36707872
2022-02-22 07:00:00+00:00,0.4,0.37290347
2022-02-22 09:00:00+00:00,0.4,0.37170458
2022-02-22 11:00:00+00:00,0.4,0.3564276
2022-02-22 13:00:00+00:00,0.3,0.34960276
2022-02-22 15:00:00+00:00,0.3,0.36416543
2022-02-22 17:00:00+00:00,0.4,0.3795483
2022-02-22 19:00:00+00:00,0.5,0.38835788
2022-02-22 21:00:00+00:00,0.5,0.3761248
2022-02-22 23:00:00+00:00,0.2,0.35789043
2022-02-26 01:00:00+00:00,0.1,0.3511392
2022-02-26 03:00:00+00:00,0.1,0.3485878
2022-02-26 05:00:00+00:00,0.1,0.35834467
2022-02-26 07:00:00+00:00,0.1,0.37719816
2022-02-26 09:00:00+00:00,0.1,0.39129245
2022-02-26 11:00:00+00:00,0.1,0.39241254
2022-02-26 13:00:00+00:00,0.2,0.3652354
2022-02-26 15:00:00+00:00,0.2,0.35505933
2022-02-26 17:00:00+00:00,0.2,0.3533734
2022-02-26 19:00:00+00:00,0.2,0.32628757
2022-02-26 21:00:00+00:00,0.2,0.26229316
2022-02-26 23:00:00+00:00,0.2,0.1827691
2022-02-27 01:00:00+00:00,0.1,0.114544615
2022-02-27 03:00:00+00:00,0.1,0.079926535
2022-02-27 05:00:00+00:00,0.1,0.069682166
2022-02-27 07:00:00+00:00,0.1,0.08018087
2022-02-27 09:00:00+00:00,0.1,0.10521501
2022-02-27 11:00:00+00:00,0.1,0.13742839
2022-02-27 13:00:00+00:00,0.2,0.1691127
2022-02-27 15:00:00+00:00,0.2,0.18602662
2022-02-27 17:00:00+00:00,0.3,0.1953779
2022-02-27 19:00:00+00:00,0.3,0.19371532
2022-02-27 21:00:00+00:00,0.3,0.18063407
2022-02-27 23:00:00+00:00,0.3,0.16062628
2022-02-28 01:00:00+00:00,0.3,0.14036544
2022-02-28 03:00:00+00:00,0.2,0.1328101
2022-02-28 05:00:00+00:00,0.2,0.13123308
2022-02-28 07:00:00+00:00,0.2,0.14683098
2022-02-28 09:00:00+00:00,0.2,0.17171662
2022-02-28 11:00:00+00:00,0.2,0.20597251
2022-02-28 13:00:00+00:00,0.3,0.24723093
2022-02-28 15:00:00+00:00,0.3,0.2887972
2022-02-28 17:00:00+00:00,0.4,0.313406
2022-02-28 19:00:00+00:00,0.3,0.32781512
2022-02-28 21:00:00+00:00,0.3,0.3267492
2022-02-28 23:00:00+00:00,0.5,0.30844456
2022-03-03 01:00:00+00:00,0.5,0.27879125
2022-03-03 03:00:00+00:00,0.7,0.25680864
2022-03-03 05:00:00+00:00,0.7,0.2389874
2022-03-03 07:00:00+00:00,0.4,0.24333383
2022-03-03 09:00:00+00:00,0.3,0.2518493
2022-03-03 11:00:00+00:00,0.3,0.27590162
2022-03-03 13:00:00+00:00,0.4,0.3283226
2022-03-03 15:00:00+00:00,0.6,0.3737154
2022-03-03 17:00:00+00:00,0.7,0.4386695
2022-03-03 19:00:00+00:00,0.7,0.50529253
2022-03-03 21:00:00+00:00,0.5,0.54418266
2022-03-03 23:00:00+00:00,0.4,0.5958162
2022-03-04 01:00:00+00:00,0.7,0.65103155
2022-03-04 03:00:00+00:00,0.8,0.6732997
2022-03-04 05:00:00+00:00,0.8,0.6425624
2022-03-04 07:00:00+00:00,0.7,0.56238294
2022-03-04 09:00:00+00:00,0.5,0.4878155
2022-03-04 11:00:00+00:00,0.4,0.44919455
2022-03-04 13:00:00+00:00,0.3,0.47453564
2022-03-04 15:00:00+00:00,0.4,0.58042425
2022-03-04 17:00:00+00:00,0.6,0.6633487
2022-03-04 19:00:00+00:00,0.5,0.6857358
2022-03-04 21:00:00+00:00,0.4,0.6779959
2022-03-04 23:00:00+00:00,0.3,0.67635405
2022-03-08 01:00:00+00:00,0.3,0.70850796
2022-03-08 03:00:00+00:00,0.2,0.7298875
2022-03-08 05:00:00+00:00,0.3,0.7166484
2022-03-08 07:00:00+00:00,0.4,0.6427294
2022-03-08 09:00:00+00:00,0.3,0.49332607
2022-03-08 11:00:00+00:00,0.3,0.36634022
2022-03-08 13:00:00+00:00,0.2,0.30637866
2022-03-08 15:00:00+00:00,0.2,0.30520332
2022-03-08 17:00:00+00:00,0.4,0.302297
2022-03-08 19:00:00+00:00,0.5,0.2971394
2022-03-08 21:00:00+00:00,0.3,0.27882338
2022-03-08 23:00:00+00:00,0.2,0.2375869
2022-03-09 01:00:00+00:00,0.2,0.21558554
2022-03-09 03:00:00+00:00,0.1,0.20885913
2022-03-09 05:00:00+00:00,0.2,0.21812429
2022-03-09 07:00:00+00:00,0.4,0.24620138
2022-03-09 09:00:00+00:00,0.3,0.26950896
2022-03-09 11:00:00+00:00,0.2,0.26715434
2022-03-09 13:00:00+00:00,0.1,0.273507
2022-03-09 15:00:00+00:00,0.1,0.2951585
2022-03-09 17:00:00+00:00,0.3,0.3001669
2022-03-09 19:00:00+00:00,0.4,0.2944489
2022-03-09 21:00:00+00:00,0.4,0.28156102
2022-03-09 23:00:00+00:00,0.2,0.24265237
2022-03-12 01:00:00+00:00,0.1,0.2113509
2022-03-12 03:00:00+00:00,0.1,0.20101349
2022-03-12 05:00:00+00:00,0.1,0.20705886
2022-03-12 07:00:00+00:00,0.2,0.22475831
2022-03-12 09:00:00+00:00,0.2,0.23170121
2022-03-12 11:00:00+00:00,0.2,0.2307368
2022-03-12 13:00:00+00:00,0.3,0.22607876
2022-03-12 15:00:00+00:00,0.3,0.23749955
2022-03-12 17:00:00+00:00,0.3,0.25887364
2022-03-12 19:00:00+00:00,0.2,0.2635646
2022-03-12 21:00:00+00:00,0.3,0.24806042
2022-03-12 23:00:00+00:00,0.2,0.21010025
2022-03-17 01:00:00+00:00,0.5,0.17314072
2022-03-17 03:00:00+00:00,0.8,0.16319121
2022-03-17 05:00:00+00:00,0.8,0.1725197
2022-03-17 07:00:00+00:00,0.7,0.19759263
2022-03-17 09:00:00+00:00,0.4,0.2232684
2022-03-17 11:00:00+00:00,0.2,0.262011
2022-03-17 13:00:00+00:00,0.3,0.28164107
2022-03-17 15:00:00+00:00,0.5,0.32012898
2022-03-17 17:00:00+00:00,0.7,0.3785485
2022-03-17 19:00:00+00:00,0.8,0.4362874
2022-03-17 21:00:00+00:00,0.6,0.51080436
2022-03-17 23:00:00+00:00,0.4,0.59051776
2022-03-18 01:00:00+00:00,0.5,0.67926073
2022-03-18 03:00:00+00:00,0.7,0.7764971
2022-03-18 05:00:00+00:00,0.7,0.8123153
2022-03-18 07:00:00+00:00,0.8,0.73757416
2022-03-18 09:00:00+00:00,0.4,0.5997628
2022-03-18 11:00:00+00:00,0.2,0.47262794
2022-03-18 13:00:00+00:00,0.3,0.4325673
2022-03-18 15:00:00+00:00,0.6,0.49991906
2022-03-18 17:00:00+00:00,0.8,0.60648996
2022-03-18 19:00:00+00:00,0.6,0.64984906
2022-03-18 21:00:00+00:00,0.4,0.65321183
2022-03-18 23:00:00+00:00,0.3,0.58982223
2022-03-21 01:00:00+00:00,0.1,0.56146157
2022-03-21 03:00:00+00:00,0.3,0.5924107
2022-03-21 05:00:00+00:00,0.4,0.623477
2022-03-21 07:00:00+00:00,0.6,0.57793635
2022-03-21 09:00:00+00:00,0.4,0.45543903
2022-03-21 11:00:00+00:00,0.2,0.37564445
2022-03-21 13:00:00+00:00,0.2,0.3835004
2022-03-21 15:00:00+00:00,0.3,0.41096544
2022-03-21 17:00:00+00:00,0.5,0.44615263
2022-03-21 19:00:00+00:00,0.8,0.41837758
2022-03-21 21:00:00+00:00,0.3,0.3524106
2022-03-21 23:00:00+00:00,0.1,0.26511824
2022-03-26 01:00:00+00:00,0.2,0.22274043
2022-03-26 03:00:00+00:00,0.1,0.24232186
2022-03-26 05:00:00+00:00,0.1,0.2867046
2022-03-26 07:00:00+00:00,0.1,0.32444263
2022-03-26 09:00:00+00:00,0.2,0.3595537
2022-03-26 11:00:00+00:00,0.2,0.32720912
2022-03-26 13:00:00+00:00,0.2,0.3231734
2022-03-26 15:00:00+00:00,0.3,0.36950755
2022-03-26 17:00:00+00:00,0.2,0.38652897
2022-03-26 19:00:00+00:00,0.2,0.3540721
2022-03-26 21:00:00+00:00,0.2,0.27655745
2022-03-26 23:00:00+00:00,0.1,0.1961322
2022-03-27 01:00:00+00:00,0.1,0.13043833
2022-03-27 03:00:00+00:00,0.2,0.09691486
2022-03-27 05:00:00+00:00,0.2,0.10247463
2022-03-27 07:00:00+00:00,0.2,0.11932038
2022-03-27 09:00:00+00:00,0.1,0.14991076
2022-03-27 11:00:00+00:00,0.2,0.18321122
2022-03-27 13:00:00+00:00,0.3,0.20009066
2022-03-27 15:00:00+00:00,0.3,0.20673813
2022-03-27 17:00:00+00:00,0.2,0.20781107
2022-03-27 19:00:00+00:00,0.2,0.19553424
2022-03-27 21:00:00+00:00,0.3,0.18086131
2022-03-27 23:00:00+00:00,0.2,0.16641141
2022-03-30 01:00:00+00:00,0.4,0.17174591
2022-03-30 03:00:00+00:00,0.4,0.1886207
2022-03-30 05:00:00+00:00,0.2,0.20359541
2022-03-30 07:00:00+00:00,0.2,0.21197747
2022-03-30 09:00:00+00:00,0.1,0.22725339
2022-03-30 11:00:00+00:00,0.1,0.25482655
2022-03-30 13:00:00+00:00,0.2,0.26470536
2022-03-30 15:00:00+00:00,0.4,0.2872125
2022-03-30 17:00:00+00:00,0.3,0.30235416
2022-03-30 19:00:00+00:00,0.2,0.29808617
2022-03-30 21:00:00+00:00,0.1,0.30649287
2022-03-30 23:00:00+00:00,0.1,0.3069833
2022-03-31 01:00:00+00:00,0.3,0.29597867
2022-03-31 03:00:00+00:00,0.3,0.2731859
2022-03-31 05:00:00+00:00,0.2,0.24907376
2022-03-31 07:00:00+00:00,0.2,0.21176015
2022-03-31 09:00:00+00:00,0.2,0.19054498
2022-03-31 11:00:00+00:00,0.1,0.19158222
2022-03-31 13:00:00+00:00,0.2,0.20739998
2022-03-31 15:00:00+00:00,0.4,0.2325673
2022-03-31 17:00:00+00:00,0.3,0.23379995
2022-03-31 19:00:00+00:00,0.2,0.21593831
2022-03-31 21:00:00+00:00,0.1,0.20906253
2022-03-31 23:00:00+00:00,0.1,0.21487959
2022-04-02 01:00:00+00:00,0.2,0.21499105
2022-04-02 03:00:00+00:00,0.2,0.22104837
2022-04-02 05:00:00+00:00,0.2,0.23516692
2022-04-02 07:00:00+00:00,0.2,0.23057999
2022-04-02 09:00:00+00:00,0.1,0.22602017
2022-04-02 11:00:00+00:00,0.1,0.22919028
2022-04-02 13:00:00+00:00,0.1,0.23923923
2022-04-02 15:00:00+00:00,0.2,0.24618958
2022-04-02 17:00:00+00:00,0.2,0.23104207
2022-04-02 19:00:00+00:00,0.2,0.20517571
2022-04-02 21:00:00+00:00,0.2,0.18472113
2022-04-02 23:00:00+00:00,0.1,0.16911815
2022-04-03 01:00:00+00:00,0.1,0.16594775
2022-04-03 03:00:00+00:00,0.2,0.16494094
2022-04-03 05:00:00+00:00,0.2,0.16616325
2022-04-03 07:00:00+00:00,0.2,0.16048945
2022-04-03 09:00:00+00:00,0.2,0.15635777
2022-04-03 11:00:00+00:00,0.1,0.16098256
2022-04-03 13:00:00+00:00,0.1,0.16580676
2022-04-03 15:00:00+00:00,0.2,0.1747296
2022-04-03 17:00:00+00:00,0.2,0.18775381
2022-04-03 19:00:00+00:00,0.2,0.18989988
2022-04-03 21:00:00+00:00,0.2,0.18628581
2022-04-03 23:00:00+00:00,0.1,0.18546917
2022-04-06 01:00:00+00:00,0.1,0.1824121
2022-04-06 03:00:00+00:00,0.1,0.18422516
2022-04-06 05:00:00+00:00,0.1,0.19161011
2022-04-06 07:00:00+00:00,0.2,0.19005813
2022-04-06 09:00:00+00:00,0.1,0.18459512
2022-04-06 11:00:00+00:00,0.1,0.18319379
2022-04-06 13:00:00+00:00,0.1,0.17999814
2022-04-06 15:00:00+00:00,0.1,0.18197285
2022-04-06 17:00:00+00:00,0.2,0.18143995
2022-04-06 19:00:00+00:00,0.2,0.17263968
2022-04-06 21:00:00+00:00,0.1,0.16486202
2022-04-06 23:00:00+00:00,0.1,0.14636153
2022-04-07 01:00:00+00:00,0.2,0.13504623
2022-04-07 03:00:00+00:00,0.1,0.13167386
2022-04-07 05:00:00+00:00,0.1,0.13136964
2022-04-07 07:00:00+00:00,0.2,0.13848379
2022-04-07 09:00:00+00:00,0.2,0.14371425
2022-04-07 11:00:00+00:00,0.1,0.14340405
2022-04-07 13:00:00+00:00,0.1,0.14952807
2022-04-07 15:00:00+00:00,0.1,0.16519122
2022-04-07 17:00:00+00:00,0.2,0.16678746
2022-04-07 19:00:00+00:00,0.2,0.16488232
2022-04-07 21:00:00+00:00,0.1,0.16888379
2022-04-07 23:00:00+00:00,0.1,0.1695555
2022-04-10 01:00:00+00:00,0.1,0.16313984
2022-04-10 07:00:00+00:00,0.1,0.16256629
2022-04-10 09:00:00+00:00,0.1,0.16363059
2022-04-10 11:00:00+00:00,0.2,0.16895474
2022-04-10 13:00:00+00:00,0.2,0.16815518
2022-04-10 15:00:00+00:00,0.1,0.1592135
2022-04-10 17:00:00+00:00,0.1,0.1571583
2022-04-10 19:00:00+00:00,0.1,0.15835258
2022-04-10 21:00:00+00:00,0.1,0.15667354
2022-04-10 23:00:00+00:00,0.1,0.14985779
2022-04-14 01:00:00+00:00,0.2,0.14772923
2022-04-14 03:00:00+00:00,0.2,0.14552006
2022-04-14 05:00:00+00:00,0.1,0.14123918
2022-04-14 07:00:00+00:00,0.1,0.14618231
2022-04-14 09:00:00+00:00,0.1,0.1540062
2022-04-14 11:00:00+00:00,0.1,0.15695174
2022-04-14 13:00:00+00:00,0.2,0.15258466
2022-04-14 15:00:00+00:00,0.2,0.15146053
2022-04-14 17:00:00+00:00,0.2,0.14910756
2022-04-14 19:00:00+00:00,0.2,0.14410977
2022-04-14 21:00:00+00:00,0.1,0.14841057
2022-04-14 23:00:00+00:00,0.2,0.15567903
2022-04-15 01:00:00+00:00,0.2,0.15818328
2022-04-15 03:00:00+00:00,0.2,0.161646
2022-04-15 05:00:00+00:00,0.2,0.15986584
2022-04-15 07:00:00+00:00,0.2,0.16063018
2022-04-15 09:00:00+00:00,0.1,0.16936328
2022-04-15 11:00:00+00:00,0.1,0.17636694
2022-04-15 13:00:00+00:00,0.2,0.19448675
2022-04-15 15:00:00+00:00,0.2,0.2063231
2022-04-15 17:00:00+00:00,0.2,0.21011491
2022-04-15 19:00:00+00:00,0.2,0.21048345
2022-04-15 21:00:00+00:00,0.1,0.21151514
2022-04-15 23:00:00+00:00,0.1,0.20551641
2022-04-18 01:00:00+00:00,0.1,0.20109676
2022-04-18 03:00:00+00:00,0.2,0.20149635
2022-04-18 05:00:00+00:00,0.3,0.19349153
2022-04-18 07:00:00+00:00,0.2,0.18341394
2022-04-18 09:00:00+00:00,0.1,0.17951809
2022-04-18 11:00:00+00:00,0.1,0.17557724
2022-04-18 13:00:00+00:00,0.2,0.17797826
2022-04-18 15:00:00+00:00,0.2,0.17806621
2022-04-18 17:00:00+00:00,0.4,0.17836519
2022-04-18 19:00:00+00:00,0.3,0.17934464
2022-04-18 21:00:00+00:00,0.2,0.17225878
2022-04-18 23:00:00+00:00,0.1,0.16952826
2022-04-19 01:00:00+00:00,0.1,0.17885448
2022-04-19 03:00:00+00:00,0.2,0.19573064
2022-04-19 05:00:00+00:00,0.3,0.2004932
2022-04-19 07:00:00+00:00,0.3,0.21447872
2022-04-19 09:00:00+00:00,0.2,0.21836312
2022-04-19 11:00:00+00:00,0.2,0.22634123
2022-04-19 13:00:00+00:00,0.2,0.23988532
2022-04-19 15:00:00+00:00,0.3,0.25532746
2022-04-19 17:00:00+00:00,0.3,0.2637037
2022-04-19 19:00:00+00:00,0.3,0.25595587
2022-04-19 21:00:00+00:00,0.2,0.23392953
2022-04-19 23:00:00+00:00,0.1,0.21169628
2022-04-24 01:00:00+00:00,0.1,0.21103589
2022-04-24 03:00:00+00:00,0.2,0.22362621
2022-04-24 05:00:00+00:00,0.2,0.24537311
2022-04-24 07:00:00+00:00,0.2,0.25755173
2022-04-24 09:00:00+00:00,0.2,0.26428372
2022-04-24 11:00:00+00:00,0.3,0.2638337
2022-04-24 13:00:00+00:00,0.3,0.26012588
2022-04-24 15:00:00+00:00,0.2,0.25696594
2022-04-24 17:00:00+00:00,0.2,0.25072223
2022-04-24 19:00:00+00:00,0.2,0.2259344
2022-04-24 21:00:00+00:00,0.2,0.19572936
2022-04-24 23:00:00+00:00,0.2,0.17534997
2022-04-27 01:00:00+00:00,0.2,0.17885931
2022-04-27 03:00:00+00:00,0.2,0.19336264
2022-04-27 05:00:00+00:00,0.1,0.2076859
2022-04-27 07:00:00+00:00,0.1,0.22848995
2022-04-27 09:00:00+00:00,0.2,0.24770333
2022-04-27 11:00:00+00:00,0.2,0.25661242
2022-04-27 13:00:00+00:00,0.2,0.25328517
2022-04-27 15:00:00+00:00,0.2,0.24174966
2022-04-27 17:00:00+00:00,0.2,0.22804685
2022-04-27 19:00:00+00:00,0.2,0.20785193
2022-04-27 21:00:00+00:00,0.1,0.19337182
2022-04-27 23:00:00+00:00,0.2,0.18832852
2022-04-28 01:00:00+00:00,0.2,0.17843689
2022-04-28 03:00:00+00:00,0.2,0.16913964
2022-04-28 05:00:00+00:00,0.2,0.16711868
2022-04-28 07:00:00+00:00,0.1,0.1739846
2022-04-28 09:00:00+00:00,0.2,0.18644656
2022-04-28 11:00:00+00:00,0.2,0.19131286
2022-04-28 13:00:00+00:00,0.2,0.20321392
2022-04-28 15:00:00+00:00,0.2,0.2068953
2022-04-28 17:00:00+00:00,0.2,0.2037739
2022-04-28 19:00:00+00:00,0.2,0.200381
2022-04-28 21:00:00+00:00,0.1,0.19190799
2022-04-28 23:00:00+00:00,0.1,0.19664107
2022-12-03 01:00:00+00:00,0.1,0.198694
2022-12-03 03:00:00+00:00,0.1,0.1973644
2022-12-03 11:00:00+00:00,0.1,0.19663422
2022-12-03 13:00:00+00:00,0.1,0.19887723
2022-12-03 21:00:00+00:00,0.1,0.20390631
2022-12-03 23:00:00+00:00,0.1,0.20106645
2022-12-04 01:00:00+00:00,0.1,0.19825308
2022-12-04 03:00:00+00:00,0.1,0.19034626
2022-12-04 11:00:00+00:00,0.1,0.17453669
2022-12-04 13:00:00+00:00,0.1,0.1539291
2022-12-04 15:00:00+00:00,0.1,0.13405655
2022-12-04 23:00:00+00:00,0.1,0.11921851
2022-12-05 01:00:00+00:00,0.1,0.111071184
2022-12-05 03:00:00+00:00,0.1,0.10865012
2022-12-05 05:00:00+00:00,0.1,0.10993068
2022-12-05 13:00:00+00:00,0.1,0.11295681
2022-12-05 15:00:00+00:00,0.1,0.11636543
2022-12-05 17:00:00+00:00,0.1,0.11958237
2022-12-05 19:00:00+00:00,0.1,0.12202975
2022-12-05 21:00:00+00:00,0.1,0.12388617
2022-12-05 23:00:00+00:00,0.1,0.12525932
2022-12-09 01:00:00+00:00,0.1,0.1262585
2022-12-09 03:00:00+00:00,0.1,0.12706347
2022-12-09 05:00:00+00:00,0.1,0.12751277
2022-12-09 07:00:00+00:00,0.1,0.12776347
2022-12-09 15:00:00+00:00,0.1,0.127863
2022-12-09 17:00:00+00:00,0.1,0.12785384
2022-12-09 19:00:00+00:00,0.1,0.12777849
2022-12-09 21:00:00+00:00,0.1,0.12767677
2022-12-09 23:00:00+00:00,0.1,0.12767677
2022-12-13 01:00:00+00:00,0.1,0.12767677
2022-12-13 03:00:00+00:00,0.1,0.12767677
2022-12-13 05:00:00+00:00,0.1,0.12767677
2022-12-13 07:00:00+00:00,0.1,0.12767677
2022-12-13 17:00:00+00:00,0.1,0.12767677
2022-12-13 19:00:00+00:00,0.1,0.12767677
2022-12-13 21:00:00+00:00,0.1,0.12767677
2022-12-13 23:00:00+00:00,0.1,0.12767677
2022-12-14 01:00:00+00:00,0.1,0.12767677
2022-12-14 03:00:00+00:00,0.1,0.12767677
2022-12-14 05:00:00+00:00,0.1,0.12767677
2022-12-14 07:00:00+00:00,0.1,0.12767677
2022-12-14 09:00:00+00:00,0.1,0.12767677
2022-12-14 17:00:00+00:00,0.1,0.12767677
2022-12-14 19:00:00+00:00,0.1,0.12767677
2022-12-14 21:00:00+00:00,0.1,0.12767677
2022-12-14 23:00:00+00:00,0.1,0.12767677
2022-12-15 01:00:00+00:00,0.1,0.12767677
2022-12-15 03:00:00+00:00,0.1,0.12767677
2022-12-15 05:00:00+00:00,0.1,0.12767677
2022-12-15 07:00:00+00:00,0.1,0.12767677
2022-12-15 09:00:00+00:00,0.1,0.12767677
2022-12-15 19:00:00+00:00,0.1,0.12767677
2022-12-15 21:00:00+00:00,0.1,0.12767677
2022-12-15 23:00:00+00:00,0.1,0.12767677
2022-12-18 01:00:00+00:00,0.1,0.12767677
2022-12-18 03:00:00+00:00,0.1,0.12767677
2022-12-18 09:00:00+00:00,0.1,0.12767677
2022-12-18 11:00:00+00:00,0.1,0.12767677
2022-12-18 13:00:00+00:00,0.1,0.12767677
2022-12-18 15:00:00+00:00,0.1,0.12767677
2022-12-18 19:00:00+00:00,0.1,0.12767677
2022-12-18 21:00:00+00:00,0.1,0.12767677
2022-12-18 23:00:00+00:00,0.1,0.12767677
2022-12-21 01:00:00+00:00,0.1,0.12767677
2022-12-21 03:00:00+00:00,0.1,0.12767677
2022-12-21 13:00:00+00:00,0.1,0.12767677
2022-12-21 15:00:00+00:00,0.2,0.12767677
2022-12-21 17:00:00+00:00,0.1,0.12767677
2022-12-21 19:00:00+00:00,0.1,0.12767677
2022-12-21 21:00:00+00:00,0.1,0.12767677
2022-12-21 23:00:00+00:00,0.1,0.12767677
2022-12-22 01:00:00+00:00,0.1,0.12767677
2022-12-22 03:00:00+00:00,0.1,0.12767677
2022-12-22 05:00:00+00:00,0.1,0.13558052
2022-12-22 13:00:00+00:00,0.1,0.13539948
2022-12-22 15:00:00+00:00,0.1,0.13864686
2022-12-22 17:00:00+00:00,0.1,0.14391904
2022-12-22 19:00:00+00:00,0.1,0.14701596
2022-12-22 21:00:00+00:00,0.1,0.14580305
2022-12-22 23:00:00+00:00,0.1,0.14103581
2022-12-25 01:00:00+00:00,0.1,0.13496733
2022-12-25 03:00:00+00:00,0.1,0.12966923
2022-12-25 05:00:00+00:00,0.1,0.12617747
2022-12-25 15:00:00+00:00,0.1,0.12452467
2022-12-25 17:00:00+00:00,0.1,0.12419523
2022-12-25 19:00:00+00:00,0.1,0.12457314
2022-12-25 21:00:00+00:00,0.1,0.12519428
2022-12-25 23:00:00+00:00,0.1,0.1258058
2022-12-31 01:00:00+00:00,0.1,0.1263162
2022-12-31 09:00:00+00:00,0.1,0.1267174
2022-12-31 11:00:00+00:00,0.1,0.12702742
2022-12-31 21:00:00+00:00,0.1,0.1272655
2022-12-31 23:00:00+00:00,0.1,0.12744747
2023-01-01 01:00:00+00:00,0.1,0.12758559
2023-01-01 03:00:00+00:00,0.1,0.12768649
2023-01-01 09:00:00+00:00,0.1,0.12775059
2023-01-01 11:00:00+00:00,0.1,0.12777849
2023-01-01 13:00:00+00:00,0.1,0.12767677
2023-01-01 15:00:00+00:00,0.1,0.12767677
2023-01-01 17:00:00+00:00,0.1,0.12767677
2023-01-01 19:00:00+00:00,0.1,0.12767677
2023-01-01 21:00:00+00:00,0.1,0.12767677
2023-01-01 23:00:00+00:00,0.1,0.12767677
2023-01-02 01:00:00+00:00,0.1,0.12767677
2023-01-02 03:00:00+00:00,0.1,0.12767677
2023-01-02 11:00:00+00:00,0.1,0.12767677
2023-01-02 13:00:00+00:00,0.1,0.12767677
2023-01-02 15:00:00+00:00,0.1,0.12767677
2023-01-02 17:00:00+00:00,0.1,0.12767677
2023-01-02 19:00:00+00:00,0.1,0.12767677
2023-01-02 21:00:00+00:00,0.1,0.12767677
2023-01-02 23:00:00+00:00,0.1,0.12767677
2023-01-08 01:00:00+00:00,0.1,0.12767677
2023-01-08 03:00:00+00:00,0.1,0.12767677
2023-01-08 05:00:00+00:00,0.1,0.12767677
2023-01-08 07:00:00+00:00,0.1,0.12767677
2023-01-08 15:00:00+00:00,0.1,0.12767677
2023-01-08 17:00:00+00:00,0.1,0.12767677
2023-01-08 19:00:00+00:00,0.1,0.12767677
2023-01-08 21:00:00+00:00,0.1,0.12767677
2023-01-08 23:00:00+00:00,0.1,0.12767677
2023-01-09 01:00:00+00:00,0.1,0.12767677
2023-01-09 03:00:00+00:00,0.1,0.12767677
2023-01-09 05:00:00+00:00,0.1,0.12767677
2023-01-09 07:00:00+00:00,0.1,0.12767677
2023-01-09 15:00:00+00:00,0.1,0.12767677
2023-01-09 17:00:00+00:00,0.1,0.12767677
2023-01-09 19:00:00+00:00,0.1,0.12767677
2023-01-09 21:00:00+00:00,0.1,0.12767677
2023-01-09 23:00:00+00:00,0.1,0.12767677
2023-01-10 01:00:00+00:00,0.1,0.12767677
2023-01-10 03:00:00+00:00,0.1,0.12767677
2023-01-10 05:00:00+00:00,0.1,0.12767677
2023-01-10 07:00:00+00:00,0.1,0.12767677
2023-01-10 17:00:00+00:00,0.1,0.12767677
2023-01-10 19:00:00+00:00,0.1,0.12767677
2023-01-10 21:00:00+00:00,0.1,0.12767677
2023-01-10 23:00:00+00:00,0.1,0.12767677
2023-01-14 05:00:00+00:00,0.1,0.12767677
2023-01-14 07:00:00+00:00,0.1,0.12767677
2023-01-14 09:00:00+00:00,0.1,0.12767677
2023-01-14 17:00:00+00:00,0.1,0.12767677
2023-01-14 19:00:00+00:00,0.1,0.12767677
2023-01-14 21:00:00+00:00,0.1,0.12767677
2023-01-14 23:00:00+00:00,0.1,0.12767677
2023-01-15 01:00:00+00:00,0.1,0.12767677
2023-01-15 07:00:00+00:00,0.1,0.12767677
2023-01-15 09:00:00+00:00,0.1,0.12767677
2023-01-15 11:00:00+00:00,0.1,0.12767677
2023-01-15 19:00:00+00:00,0.1,0.12767677
2023-01-15 21:00:00+00:00,0.1,0.12767677
2023-01-15 23:00:00+00:00,0.1,0.12767677
2023-01-16 01:00:00+00:00,0.1,0.12767677
2023-01-16 09:00:00+00:00,0.1,0.12767677
2023-01-16 11:00:00+00:00,0.1,0.12767677
2023-01-16 13:00:00+00:00,0.1,0.12767677
2023-01-16 19:00:00+00:00,0.1,0.12767677
2023-01-16 21:00:00+00:00,0.1,0.12767677
2023-01-16 23:00:00+00:00,0.1,0.12767677
2023-01-19 01:00:00+00:00,0.1,0.12767677
2023-01-19 03:00:00+00:00,0.1,0.12767677
2023-01-19 13:00:00+00:00,0.1,0.12767677
2023-01-19 15:00:00+00:00,0.1,0.12767677
2023-01-19 17:00:00+00:00,0.1,0.12767677
2023-01-19 19:00:00+00:00,0.1,0.12767677
2023-01-19 21:00:00+00:00,0.1,0.12767677
2023-01-19 23:00:00+00:00,0.1,0.12767677
2023-01-22 01:00:00+00:00,0.1,0.12767677
2023-01-22 03:00:00+00:00,0.1,0.12767677
2023-01-22 05:00:00+00:00,0.1,0.12767677
2023-01-22 07:00:00+00:00,0.1,0.12767677
2023-01-22 15:00:00+00:00,0.1,0.12767677
2023-01-22 17:00:00+00:00,0.1,0.12767677
2023-01-22 19:00:00+00:00,0.1,0.12767677
2023-01-22 21:00:00+00:00,0.1,0.12767677
2023-01-22 23:00:00+00:00,0.1,0.12767677
2023-01-23 01:00:00+00:00,0.1,0.12767677
2023-01-23 03:00:00+00:00,0.1,0.12767677
2023-01-23 05:00:00+00:00,0.1,0.12767677
2023-01-23 07:00:00+00:00,0.1,0.12767677
2023-01-23 15:00:00+00:00,0.1,0.12767677
2023-01-23 17:00:00+00:00,0.1,0.12767677
2023-01-23 19:00:00+00:00,0.1,0.12767677
2023-01-23 21:00:00+00:00,0.1,0.12767677
2023-01-23 23:00:00+00:00,0.1,0.12767677
2023-01-24 01:00:00+00:00,0.1,0.12767677
2023-01-24 03:00:00+00:00,0.1,0.12767677
2023-01-24 05:00:00+00:00,0.1,0.12767677
2023-01-24 07:00:00+00:00,0.1,0.12767677
2023-01-24 15:00:00+00:00,0.1,0.12767677
2023-01-24 17:00:00+00:00,0.1,0.12767677
2023-01-24 19:00:00+00:00,0.1,0.12767677
2023-01-24 21:00:00+00:00,0.1,0.12767677
2023-01-24 23:00:00+00:00,0.1,0.12767677
2023-02-02 01:00:00+00:00,0.8,0.12767677
2023-02-02 03:00:00+00:00,0.6,0.12767677
2023-02-02 05:00:00+00:00,0.4,0.12767677
2023-02-02 07:00:00+00:00,0.2,0.12767677
2023-02-02 09:00:00+00:00,0.2,0.12767677
2023-02-02 11:00:00+00:00,0.3,0.12767677
2023-02-02 13:00:00+00:00,0.3,0.12767677
2023-02-02 15:00:00+00:00,0.4,0.18874647
2023-02-02 17:00:00+00:00,0.5,0.23603298
2023-02-02 19:00:00+00:00,0.7,0.28988898
2023-02-02 21:00:00+00:00,0.8,0.35897088
2023-02-02 23:00:00+00:00,1.0,0.4438541
2023-02-03 01:00:00+00:00,1.3,0.51466626
2023-02-03 03:00:00+00:00,1.2,0.51887846
2023-02-03 05:00:00+00:00,1.0,0.47316843
2023-02-03 07:00:00+00:00,0.8,0.41503948
2023-02-03 09:00:00+00:00,0.3,0.39629734
2023-02-03 11:00:00+00:00,0.3,0.4255197
2023-02-03 13:00:00+00:00,0.4,0.5277659
2023-02-03 15:00:00+00:00,0.6,0.7210079
2023-02-03 17:00:00+00:00,0.7,0.9269161
2023-02-03 19:00:00+00:00,1.1,1.1285887
2023-02-03 21:00:00+00:00,1.1,1.3362817
2023-02-03 23:00:00+00:00,1.2,1.4602648
2023-02-04 01:00:00+00:00,1.3,1.561974
2023-02-04 03:00:00+00:00,1.2,1.4922395
2023-02-04 05:00:00+00:00,1.1,1.1749057
2023-02-04 07:00:00+00:00,0.9,0.7400356
2023-02-04 09:00:00+00:00,0.2,0.45900685
2023-02-04 11:00:00+00:00,0.2,0.3352533
2023-02-04 13:00:00+00:00,0.4,0.38733846
2023-02-04 15:00:00+00:00,0.6,0.5665026
2023-02-04 17:00:00+00:00,0.6,0.7911934
2023-02-04 19:00:00+00:00,0.7,1.0303522
2023-02-04 21:00:00+00:00,0.5,1.2315947
2023-02-04 23:00:00+00:00,0.6,1.2571837
2023-02-06 01:00:00+00:00,0.5,1.2940985
2023-02-06 03:00:00+00:00,0.7,1.245696
2023-02-06 05:00:00+00:00,0.6,0.9758035
2023-02-06 07:00:00+00:00,0.5,0.5823163
2023-02-06 09:00:00+00:00,0.3,0.31407404
2023-02-06 11:00:00+00:00,0.2,0.19696902
2023-02-06 13:00:00+00:00,0.3,0.23132218
2023-02-06 15:00:00+00:00,0.4,0.30319035
2023-02-06 17:00:00+00:00,0.6,0.39981878
2023-02-06 19:00:00+00:00,0.5,0.43973172
2023-02-06 21:00:00+00:00,0.4,0.44509655
2023-02-06 23:00:00+00:00,0.3,0.44078487
2023-02-07 01:00:00+00:00,0.5,0.44311303
2023-02-07 03:00:00+00:00,0.6,0.44927263
2023-02-07 05:00:00+00:00,0.8,0.4196077
2023-02-07 07:00:00+00:00,0.7,0.37046778
2023-02-07 09:00:00+00:00,0.3,0.30497473
2023-02-07 11:00:00+00:00,0.1,0.2771989
2023-02-07 13:00:00+00:00,0.1,0.29394323
2023-02-07 15:00:00+00:00,0.2,0.3583697
2023-02-07 17:00:00+00:00,0.3,0.4139188
2023-02-07 19:00:00+00:00,0.4,0.4638456
2023-02-07 21:00:00+00:00,0.3,0.48981506
2023-02-07 23:00:00+00:00,0.2,0.49641192
2023-02-08 01:00:00+00:00,0.2,0.5284116
2023-02-08 03:00:00+00:00,0.4,0.57292825
2023-02-08 05:00:00+00:00,0.6,0.566283
2023-02-08 07:00:00+00:00,0.5,0.46739805
2023-02-08 09:00:00+00:00,0.2,0.3221678
2023-02-08 11:00:00+00:00,0.1,0.19407527
2023-02-08 13:00:00+00:00,0.1,0.13205615
2023-02-08 15:00:00+00:00,0.2,0.13375644
2023-02-08 17:00:00+00:00,0.3,0.17715953
2023-02-08 19:00:00+00:00,0.5,0.23407455
2023-02-08 21:00:00+00:00,0.4,0.27058613
2023-02-08 23:00:00+00:00,0.2,0.28936082
2023-02-11 01:00:00+00:00,0.2,0.32340026
2023-02-11 03:00:00+00:00,0.2,0.3570388
2023-02-11 05:00:00+00:00,0.3,0.36371475
2023-02-11 07:00:00+00:00,0.3,0.32627106
2023-02-11 09:00:00+00:00,0.4,0.28052598
2023-02-11 11:00:00+00:00,0.3,0.23540886
2023-02-11 13:00:00+00:00,0.1,0.21629469
2023-02-11 15:00:00+00:00,0.1,0.2408699
2023-02-11 17:00:00+00:00,0.2,0.27680302
2023-02-11 19:00:00+00:00,0.2,0.30303258
2023-02-11 21:00:00+00:00,0.3,0.29844457
2023-02-11 23:00:00+00:00,0.2,0.28957522
2023-02-12 01:00:00+00:00,0.1,0.2740423
2023-02-12 03:00:00+00:00,0.1,0.25801712
2023-02-12 05:00:00+00:00,0.2,0.2604279
2023-02-12 07:00:00+00:00,0.2,0.26794064
2023-02-12 09:00:00+00:00,0.3,0.2512781
2023-02-12 11:00:00+00:00,0.2,0.22750656
2023-02-12 13:00:00+00:00,0.1,0.19552101
2023-02-12 15:00:00+00:00,0.1,0.17380382
2023-02-12 17:00:00+00:00,0.2,0.1702563
2023-02-12 19:00:00+00:00,0.2,0.17849387
2023-02-12 21:00:00+00:00,0.2,0.17838939
2023-02-12 23:00:00+00:00,0.1,0.18213655
2023-02-13 05:00:00+00:00,0.1,0.17935954
2023-02-13 07:00:00+00:00,0.1,0.17921089
2023-02-13 09:00:00+00:00,0.1,0.18791689
2023-02-13 11:00:00+00:00,0.1,0.20144306
2023-02-13 17:00:00+00:00,0.1,0.20091473
2023-02-13 19:00:00+00:00,0.1,0.19228534
2023-02-13 21:00:00+00:00,0.1,0.17753614
2023-02-13 23:00:00+00:00,0.1,0.17092128
2023-02-19 01:00:00+00:00,0.2,0.16732697
2023-02-19 03:00:00+00:00,0.1,0.16004802
2023-02-19 05:00:00+00:00,0.1,0.14789017
2023-02-19 07:00:00+00:00,0.1,0.13374618
2023-02-19 13:00:00+00:00,0.1,0.121980354
2023-02-19 15:00:00+00:00,0.1,0.11500195
2023-02-19 17:00:00+00:00,0.1,0.11254749
2023-02-19 19:00:00+00:00,0.1,0.12096317
2023-02-19 21:00:00+00:00,0.1,0.12306002
2023-02-19 23:00:00+00:00,0.1,0.12893073
2023-02-20 01:00:00+00:00,0.2,0.13677955
2023-02-20 03:00:00+00:00,0.2,0.1421313
2023-02-20 05:00:00+00:00,0.1,0.14267789
2023-02-20 07:00:00+00:00,0.1,0.13909481
2023-02-20 13:00:00+00:00,0.1,0.13384621
2023-02-20 15:00:00+00:00,0.1,0.12898423
2023-02-20 17:00:00+00:00,0.2,0.1258562
2023-02-20 19:00:00+00:00,0.2,0.13241337
2023-02-20 21:00:00+00:00,0.1,0.14011948
2023-02-20 23:00:00+00:00,0.1,0.14355694
2023-02-21 01:00:00+00:00,0.1,0.15266533
2023-02-21 03:00:00+00:00,0.2,0.16171242
2023-02-21 05:00:00+00:00,0.2,0.16429253
2023-02-21 07:00:00+00:00,0.2,0.16691379
2023-02-21 09:00:00+00:00,0.1,0.16391651
2023-02-21 11:00:00+00:00,0.1,0.15527375
2023-02-21 13:00:00+00:00,0.1,0.15510829
2023-02-21 15:00:00+00:00,0.1,0.15866931
2023-02-21 17:00:00+00:00,0.2,0.1671149
2023-02-21 19:00:00+00:00,0.2,0.16901024
2023-02-21 21:00:00+00:00,0.1,0.17003934
2023-02-21 23:00:00+00:00,0.1,0.16776736
2023-03-01 01:00:00+00:00,0.1,0.17198639
2023-03-01 03:00:00+00:00,0.1,0.17546733
2023-03-01 05:00:00+00:00,0.1,0.17155157
2023-03-01 07:00:00+00:00,0.1,0.16799675
2023-03-01 09:00:00+00:00,0.1,0.16019191
2023-03-01 11:00:00+00:00,0.1,0.14893456
2023-03-01 13:00:00+00:00,0.1,0.14817508
2023-03-01 15:00:00+00:00,0.1,0.15237571
2023-03-01 17:00:00+00:00,0.1,0.15374826
2023-03-01 19:00:00+00:00,0.2,0.1489879
2023-03-01 21:00:00+00:00,0.3,0.13999394
2023-03-01 23:00:00+00:00,0.3,0.13061188
2023-03-02 01:00:00+00:00,0.2,0.123576656
2023-03-02 03:00:00+00:00,0.2,0.11988078
2023-03-02 05:00:00+00:00,0.1,0.11902501
2023-03-02 07:00:00+00:00,0.1,0.11978032
2023-03-02 09:00:00+00:00,0.1,0.12912825
2023-03-02 11:00:00+00:00,0.1,0.14697583
2023-03-02 13:00:00+00:00,0.2,0.16834827
2023-03-02 15:00:00+00:00,0.2,0.18984668
2023-03-02 17:00:00+00:00,0.3,0.2203377
2023-03-02 19:00:00+00:00,0.3,0.24131714
2023-03-02 21:00:00+00:00,0.5,0.2516622
2023-03-02 23:00:00+00:00,0.5,0.24330504
2023-03-08 01:00:00+00:00,0.2,0.21631573
2023-03-08 03:00:00+00:00,0.3,0.18867601
2023-03-08 05:00:00+00:00,0.4,0.16224791
2023-03-08 07:00:00+00:00,0.3,0.1569819
2023-03-08 09:00:00+00:00,0.2,0.16816474
2023-03-08 11:00:00+00:00,0.1,0.2146921
2023-03-08 13:00:00+00:00,0.2,0.2734692
2023-03-08 15:00:00+00:00,0.2,0.31157792
2023-03-08 17:00:00+00:00,0.2,0.37137753
2023-03-08 19:00:00+00:00,0.3,0.4322251
2023-03-08 21:00:00+00:00,0.3,0.4473878
2023-03-08 23:00:00+00:00,0.2,0.42331934
2023-03-09 01:00:00+00:00,0.2,0.37824392
2023-03-09 03:00:00+00:00,0.3,0.34060556
2023-03-09 05:00:00+00:00,0.4,0.29170394
2023-03-09 07:00:00+00:00,0.4,0.23810528
2023-03-09 09:00:00+00:00,0.3,0.20297517
2023-03-09 11:00:00+00:00,0.2,0.18350582
2023-03-09 13:00:00+00:00,0.3,0.17603497
2023-03-09 15:00:00+00:00,0.3,0.18900497
2023-03-09 17:00:00+00:00,0.4,0.21828525
2023-03-09 19:00:00+00:00,0.5,0.25103408
2023-03-09 21:00:00+00:00,0.3,0.27552867
2023-03-09 23:00:00+00:00,0.2,0.29183578
2023-03-10 01:00:00+00:00,0.2,0.30811805
2023-03-10 03:00:00+00:00,0.3,0.3389935
2023-03-10 05:00:00+00:00,0.4,0.35537058
2023-03-10 07:00:00+00:00,0.5,0.36183572
2023-03-10 09:00:00+00:00,0.3,0.3655318
2023-03-10 11:00:00+00:00,0.2,0.34717697
2023-03-10 13:00:00+00:00,0.2,0.33978146
2023-03-10 15:00:00+00:00,0.3,0.34972018
2023-03-10 17:00:00+00:00,0.3,0.36117506
2023-03-10 19:00:00+00:00,0.4,0.3547483
2023-03-10 21:00:00+00:00,0.3,0.33873183
2023-03-10 23:00:00+00:00,0.2,0.30588078
2023-03-16 01:00:00+00:00,0.2,0.29526103
2023-03-16 03:00:00+00:00,0.1,0.3093192
2023-03-16 05:00:00+00:00,0.1,0.33041424
2023-03-16 07:00:00+00:00,0.1,0.32525933
2023-03-16 09:00:00+00:00,0.1,0.3107102
2023-03-16 11:00:00+00:00,0.2,0.28402764
2023-03-16 13:00:00+00:00,0.2,0.26661825
2023-03-16 15:00:00+00:00,0.2,0.26922065
2023-03-16 17:00:00+00:00,0.2,0.2642815
2023-03-16 19:00:00+00:00,0.3,0.2495511
2023-03-16 21:00:00+00:00,0.3,0.21899731
2023-03-16 23:00:00+00:00,0.3,0.17742796
2023-03-17 01:00:00+00:00,0.2,0.14471112
2023-03-17 03:00:00+00:00,0.2,0.12052433
2023-03-17 05:00:00+00:00,0.2,0.11352536
2023-03-17 07:00:00+00:00,0.2,0.12404202
2023-03-17 09:00:00+00:00,0.2,0.15451835
2023-03-17 11:00:00+00:00,0.3,0.18915726
2023-03-17 13:00:00+00:00,0.4,0.22475944
2023-03-17 15:00:00+00:00,0.5,0.25068516
2023-03-17 17:00:00+00:00,0.6,0.2744841
2023-03-17 19:00:00+00:00,0.5,0.28874016
2023-03-17 21:00:00+00:00,0.4,0.2874177
2023-03-17 23:00:00+00:00,0.4,0.27252322
2023-03-18 01:00:00+00:00,0.3,0.26055276
2023-03-18 03:00:00+00:00,0.2,0.25785965
2023-03-18 05:00:00+00:00,0.2,0.27313274
2023-03-18 07:00:00+00:00,0.2,0.3160022
2023-03-18 09:00:00+00:00,0.2,0.36835372
2023-03-18 11:00:00+00:00,0.2,0.43128896
2023-03-18 13:00:00+00:00,0.3,0.50590384
2023-03-18 15:00:00+00:00,0.3,0.5529818
2023-03-18 17:00:00+00:00,0.5,0.553563
2023-03-18 19:00:00+00:00,0.4,0.51519024
2023-03-18 21:00:00+00:00,0.3,0.44026452
2023-03-18 23:00:00+00:00,0.2,0.34607255
2023-03-21 01:00:00+00:00,0.3,0.25740504
2023-03-21 03:00:00+00:00,0.4,0.2013341
2023-03-21 05:00:00+00:00,0.4,0.17015858
2023-03-21 07:00:00+00:00,0.3,0.18420641
2023-03-21 09:00:00+00:00,0.2,0.20773526
2023-03-21 11:00:00+00:00,0.2,0.24348421
2023-03-21 13:00:00+00:00,0.3,0.28496164
2023-03-21 15:00:00+00:00,0.3,0.33569163
2023-03-21 17:00:00+00:00,0.4,0.37120605
2023-03-21 19:00:00+00:00,0.3,0.3738848
2023-03-21 21:00:00+00:00,0.3,0.35297596
2023-03-21 23:00:00+00:00,0.3,0.33279103
2023-03-22 01:00:00+00:00,0.4,0.32659388
2023-03-22 03:00:00+00:00,0.4,0.3283301
2023-03-22 05:00:00+00:00,0.5,0.3121724
2023-03-22 07:00:00+00:00,0.4,0.29595822
2023-03-22 09:00:00+00:00,0.3,0.2732429
2023-03-22 11:00:00+00:00,0.2,0.27029413
2023-03-22 13:00:00+00:00,0.2,0.28375208
2023-03-22 15:00:00+00:00,0.3,0.31251478
2023-03-22 17:00:00+00:00,0.4,0.3343262
2023-03-22 19:00:00+00:00,0.3,0.36216903
2023-03-22 21:00:00+00:00,0.3,0.37813216
2023-03-22 23:00:00+00:00,0.2,0.39207393
2023-03-23 01:00:00+00:00,0.3,0.40309596
2023-03-23 03:00:00+00:00,0.4,0.40786028
2023-03-23 05:00:00+00:00,0.6,0.3981167
2023-03-23 07:00:00+00:00,0.5,0.36506248
2023-03-23 09:00:00+00:00,0.3,0.30715817
2023-03-23 11:00:00+00:00,0.2,0.2704447
2023-03-23 13:00:00+00:00,0.2,0.25282305
2023-03-23 15:00:00+00:00,0.3,0.2642464
2023-03-23 17:00:00+00:00,0.4,0.2839179
2023-03-23 19:00:00+00:00,0.6,0.31520426
2023-03-23 21:00:00+00:00,0.4,0.33281493
2023-03-23 23:00:00+00:00,0.2,0.348302
2023-03-30 01:00:00+00:00,0.4,0.38005662
2023-03-30 03:00:00+00:00,0.2,0.41592985
2023-03-30 05:00:00+00:00,0.2,0.43274546
2023-03-30 07:00:00+00:00,0.3,0.4103918
2023-03-30 09:00:00+00:00,0.3,0.37962705
2023-03-30 11:00:00+00:00,0.4,0.33032775
2023-03-30 13:00:00+00:00,0.4,0.30518693
2023-03-30 15:00:00+00:00,0.7,0.34578854
2023-03-30 17:00:00+00:00,0.7,0.36384046
2023-03-30 19:00:00+00:00,0.6,0.36376184
2023-03-30 21:00:00+00:00,0.5,0.35026157
2023-03-30 23:00:00+00:00,0.3,0.31295538
2023-04-07 01:00:00+00:00,0.3,0.28282982
2023-04-07 03:00:00+00:00,0.4,0.26576227
2023-04-07 05:00:00+00:00,0.5,0.30504405
2023-04-07 07:00:00+00:00,0.4,0.36348867
2023-04-07 09:00:00+00:00,0.3,0.43533325
2023-04-07 11:00:00+00:00,0.2,0.5235195
2023-04-07 13:00:00+00:00,0.2,0.60024065
2023-04-07 15:00:00+00:00,0.3,0.6655557
2023-04-07 17:00:00+00:00,0.4,0.6892814
2023-04-07 19:00:00+00:00,0.4,0.6402204
2023-04-07 21:00:00+00:00,0.3,0.5217342
2023-04-07 23:00:00+00:00,0.2,0.40933514
2023-04-08 01:00:00+00:00,0.2,0.3397367
2023-04-08 03:00:00+00:00,0.3,0.31032848
2023-04-08 05:00:00+00:00,0.4,0.2961238
2023-04-08 07:00:00+00:00,0.6,0.27402008
2023-04-08 09:00:00+00:00,0.4,0.24122818
2023-04-08 11:00:00+00:00,0.3,0.21806137
2023-04-08 13:00:00+00:00,0.3,0.21886344
2023-04-08 15:00:00+00:00,0.4,0.23916514
2023-04-08 17:00:00+00:00,0.4,0.26782006
2023-04-08 19:00:00+00:00,0.6,0.28534108
2023-04-08 21:00:00+00:00,0.4,0.30690497
2023-04-08 23:00:00+00:00,0.3,0.3078041
2023-04-09 01:00:00+00:00,0.2,0.32570213
2023-04-09 03:00:00+00:00,0.4,0.3692894
2023-04-09 05:00:00+00:00,0.6,0.4212414
2023-04-09 07:00:00+00:00,0.8,0.4432848
2023-04-09 09:00:00+00:00,0.6,0.46033686
2023-04-09 11:00:00+00:00,0.4,0.43576276
2023-04-09 13:00:00+00:00,0.3,0.41826808
2023-04-09 15:00:00+00:00,0.4,0.4143657
2023-04-09 17:00:00+00:00,0.6,0.4374767
2023-04-09 19:00:00+00:00,0.8,0.45161688
2023-04-09 21:00:00+00:00,0.5,0.45635533
2023-04-09 23:00:00+00:00,0.3,0.4368515
2023-04-14 01:00:00+00:00,0.2,0.44555384
2023-04-14 03:00:00+00:00,0.1,0.49882936
2023-04-14 05:00:00+00:00,0.1,0.57818973
2023-04-14 07:00:00+00:00,0.2,0.63258946
2023-04-14 09:00:00+00:00,0.2,0.6308528
2023-04-14 11:00:00+00:00,0.3,0.54169583
2023-04-14 13:00:00+00:00,0.4,0.47801328
2023-04-14 15:00:00+00:00,0.4,0.4740224
2023-04-14 17:00:00+00:00,0.3,0.47847253
2023-04-14 19:00:00+00:00,0.3,0.44679785
2023-04-14 21:00:00+00:00,0.3,0.3631742
2023-04-14 23:00:00+00:00,0.2,0.24172623
2023-04-15 01:00:00+00:00,0.2,0.14602458
2023-04-15 03:00:00+00:00,0.1,0.10368042
2023-04-15 05:00:00+00:00,0.1,0.10800941
2023-04-15 07:00:00+00:00,0.1,0.14269435
2023-04-15 09:00:00+00:00,0.2,0.20069961
2023-04-15 11:00:00+00:00,0.3,0.26312906
2023-04-15 13:00:00+00:00,0.4,0.30029112
2023-04-15 15:00:00+00:00,0.5,0.3166737
2023-04-15 17:00:00+00:00,0.4,0.29923534
2023-04-15 19:00:00+00:00,0.3,0.26572782
2023-04-15 21:00:00+00:00,0.3,0.222246
2023-04-15 23:00:00+00:00,0.3,0.18533678
2023-04-16 01:00:00+00:00,0.2,0.16072632
2023-04-16 03:00:00+00:00,0.1,0.15828684
2023-04-16 05:00:00+00:00,0.1,0.18704458
2023-04-16 07:00:00+00:00,0.1,0.23032711
2023-04-16 09:00:00+00:00,0.1,0.2852195
2023-04-16 11:00:00+00:00,0.2,0.3516358
2023-04-16 13:00:00+00:00,0.3,0.4062708
2023-04-16 15:00:00+00:00,0.5,0.41861033
2023-04-16 17:00:00+00:00,0.5,0.38978738
2023-04-16 19:00:00+00:00,0.4,0.34107375
2023-04-16 21:00:00+00:00,0.3,0.27837515
2023-04-16 23:00:00+00:00,0.3,0.21095939
2023-04-20 01:00:00+00:00,0.2,0.15918161
2023-04-20 03:00:00+00:00,0.3,0.12993065
2023-04-20 05:00:00+00:00,0.5,0.1391495
2023-04-20 07:00:00+00:00,0.4,0.17424299
2023-04-20 09:00:00+00:00,0.2,0.22933634
2023-04-20 11:00:00+00:00,0.1,0.29873705
2023-04-20 13:00:00+00:00,0.2,0.37559396
2023-04-20 15:00:00+00:00,0.3,0.42196757
2023-04-20 17:00:00+00:00,0.4,0.44415855
2023-04-20 19:00:00+00:00,0.4,0.44599748
2023-04-20 21:00:00+00:00,0.2,0.40380967
2023-04-20 23:00:00+00:00,0.1,0.34915763
2023-04-21 01:00:00+00:00,0.2,0.31907755
2023-04-21 03:00:00+00:00,0.3,0.31751102
2023-04-21 05:00:00+00:00,0.4,0.3099184
2023-04-21 07:00:00+00:00,0.4,0.28641087
2023-04-21 09:00:00+00:00,0.3,0.25674218
2023-04-21 11:00:00+00:00,0.2,0.22927327
2023-04-21 13:00:00+00:00,0.3,0.22673066
2023-04-21 15:00:00+00:00,0.4,0.24991442
2023-04-21 17:00:00+00:00,0.4,0.26830494
2023-04-21 19:00:00+00:00,0.3,0.27091062
2023-04-21 21:00:00+00:00,0.2,0.26330233
2023-04-21 23:00:00+00:00,0.1,0.25997382
2023-04-22 01:00:00+00:00,0.1,0.2711265
2023-04-22 03:00:00+00:00,0.3,0.3060739
2023-04-22 05:00:00+00:00,0.4,0.3407107
2023-04-22 07:00:00+00:00,0.5,0.35326612
2023-04-22 09:00:00+00:00,0.3,0.34488463
2023-04-22 11:00:00+00:00,0.2,0.33372813
2023-04-22 13:00:00+00:00,0.3,0.3216343
2023-04-22 15:00:00+00:00,0.3,0.30702806
2023-04-22 17:00:00+00:00,0.4,0.29255074
2023-04-22 19:00:00+00:00,0.4,0.26164323
2023-04-22 21:00:00+00:00,0.2,0.23948129
2023-04-22 23:00:00+00:00,0.1,0.22473817
2023-04-28 01:00:00+00:00,0.3,0.24165048
2023-04-28 03:00:00+00:00,0.1,0.2919631
2023-04-28 05:00:00+00:00,0.2,0.33232385
2023-04-28 07:00:00+00:00,0.3,0.35652852
2023-04-28 09:00:00+00:00,0.4,0.35689706
2023-04-28 11:00:00+00:00,0.6,0.3320731
2023-04-28 13:00:00+00:00,0.8,0.31306988
2023-04-28 15:00:00+00:00,0.7,0.32244432
2023-04-28 17:00:00+00:00,0.7,0.29268938
2023-04-28 19:00:00+00:00,0.7,0.26103872
2023-04-28 21:00:00+00:00,0.5,0.23277475
2023-04-28 23:00:00+00:00,0.4,0.21638198
2023-04-29 01:00:00+00:00,0.3,0.23526277
2023-04-29 03:00:00+00:00,0.2,0.30054206
2023-04-29 05:00:00+00:00,0.2,0.38579506
2023-04-29 07:00:00+00:00,0.3,0.5102284
2023-04-29 09:00:00+00:00,0.3,0.6649729
2023-04-29 11:00:00+00:00,0.4,0.7913122
2023-04-29 13:00:00+00:00,0.6,0.8809015
2023-04-29 15:00:00+00:00,0.6,0.9035831
2023-04-29 17:00:00+00:00,0.5,0.8333839
2023-04-29 19:00:00+00:00,0.5,0.6922316
2023-04-29 21:00:00+00:00,0.5,0.52208734
2023-04-29 23:00:00+00:00,0.4,0.3500669
2023-04-30 01:00:00+00:00,0.3,0.23196186
2023-04-30 03:00:00+00:00,0.3,0.18882953
2023-04-30 05:00:00+00:00,0.2,0.19266786
2023-04-30 07:00:00+00:00,0.2,0.23271908
2023-04-30 09:00:00+00:00,0.3,0.31407213
2023-04-30 11:00:00+00:00,0.4,0.41407835
2023-04-30 13:00:00+00:00,0.5,0.49027896
2023-04-30 15:00:00+00:00,0.7,0.5240022
2023-04-30 17:00:00+00:00,0.6,0.5287741
2023-04-30 19:00:00+00:00,0.6,0.48450792
2023-04-30 21:00:00+00:00,0.5,0.41702276
2023-04-30 23:00:00+00:00,0.5,0.34950942
2023-05-07 01:00:00+00:00,0.5,0.28949136
2023-05-07 03:00:00+00:00,0.7,0.2517901
2023-05-07 05:00:00+00:00,1.0,0.26430076
2023-05-07 07:00:00+00:00,0.9,0.299253
2023-05-07 09:00:00+00:00,0.7,0.37562788
2023-05-07 11:00:00+00:00,0.5,0.47098887
2023-05-07 13:00:00+00:00,0.7,0.5749421
2023-05-07 15:00:00+00:00,0.9,0.65629363
2023-05-07 17:00:00+00:00,1.1,0.72021735
2023-05-07 19:00:00+00:00,1.0,0.7700219
2023-05-07 21:00:00+00:00,0.7,0.75879276
2023-05-07 23:00:00+00:00,0.4,0.74373186
2023-05-08 01:00:00+00:00,0.2,0.7746554
2023-05-08 03:00:00+00:00,0.5,0.89620763
2023-05-08 05:00:00+00:00,0.7,0.99937737
2023-05-08 07:00:00+00:00,0.9,1.0025504
2023-05-08 09:00:00+00:00,0.7,0.89028287
2023-05-08 11:00:00+00:00,0.5,0.7736775
2023-05-08 13:00:00+00:00,0.6,0.75379837
2023-05-08 15:00:00+00:00,0.8,0.8136083
2023-05-08 17:00:00+00:00,0.9,0.9055311
2023-05-08 19:00:00+00:00,1.0,0.83850294
2023-05-08 21:00:00+00:00,0.6,0.6322535
2023-05-08 23:00:00+00:00,0.4,0.40674126
2023-05-09 01:00:00+00:00,0.2,0.31505108
2023-05-09 03:00:00+00:00,0.3,0.38359636
2023-05-09 05:00:00+00:00,0.5,0.52425236
2023-05-09 07:00:00+00:00,0.6,0.633432
2023-05-09 09:00:00+00:00,0.7,0.6927136
2023-05-09 11:00:00+00:00,0.5,0.66836035
2023-05-09 13:00:00+00:00,0.5,0.68274325
2023-05-09 15:00:00+00:00,0.7,0.73082316
2023-05-09 17:00:00+00:00,0.8,0.77755404
2023-05-09 19:00:00+00:00,1.0,0.7282486
2023-05-09 21:00:00+00:00,0.7,0.5617496
2023-05-09 23:00:00+00:00,0.3,0.391725
2023-05-13 01:00:00+00:00,0.1,0.28110403
2023-05-13 07:00:00+00:00,0.2,0.2847703
2023-05-13 09:00:00+00:00,0.4,0.37799978
2023-05-13 11:00:00+00:00,0.5,0.48058748
2023-05-13 13:00:00+00:00,0.7,0.5849912
2023-05-13 15:00:00+00:00,0.6,0.62573034
2023-05-13 17:00:00+00:00,0.5,0.6455363
2023-05-13 19:00:00+00:00,0.5,0.6995028
2023-05-13 21:00:00+00:00,0.6,0.761119
2023-05-13 23:00:00+00:00,0.5,0.7294122
2023-05-14 01:00:00+00:00,0.3,0.55851567
2023-05-14 03:00:00+00:00,0.1,0.37619883
2023-05-14 07:00:00+00:00,0.2,0.2534504
2023-05-14 09:00:00+00:00,0.3,0.23485298
2023-05-14 11:00:00+00:00,0.4,0.30187625
2023-05-14 13:00:00+00:00,0.5,0.4105518
2023-05-14 15:00:00+00:00,0.5,0.48228967
2023-05-14 17:00:00+00:00,0.4,0.5004089
2023-05-14 19:00:00+00:00,0.3,0.47995025
2023-05-14 21:00:00+00:00,0.3,0.46273088
2023-05-14 23:00:00+00:00,0.4,0.41564363
2023-05-15 01:00:00+00:00,0.4,0.33700335
2023-05-15 03:00:00+00:00,0.2,0.2657296
2023-05-15 05:00:00+00:00,0.1,0.23013584
2023-05-15 09:00:00+00:00,0.2,0.23718153
2023-05-15 11:00:00+00:00,0.3,0.27749205
2023-05-15 13:00:00+00:00,0.5,0.33358902
2023-05-15 15:00:00+00:00,0.5,0.383938
2023-05-15 17:00:00+00:00,0.4,0.39438826
2023-05-15 19:00:00+00:00,0.3,0.3599609
2023-05-15 21:00:00+00:00,0.3,0.32263225
2023-05-15 23:00:00+00:00,0.4,0.30433315
2023-05-18 01:00:00+00:00,0.4,0.28425747
2023-05-18 03:00:00+00:00,0.5,0.26897383
2023-05-18 05:00:00+00:00,0.4,0.25392973
2023-05-18 07:00:00+00:00,0.3,0.2558117
2023-05-18 09:00:00+00:00,0.2,0.28580815
2023-05-18 11:00:00+00:00,0.2,0.3392068
2023-05-18 13:00:00+00:00,0.3,0.397179
2023-05-18 15:00:00+00:00,0.4,0.42241204
2023-05-18 17:00:00+00:00,0.2,0.4313655
2023-05-18 19:00:00+00:00,0.2,0.4170515
2023-05-18 21:00:00+00:00,0.1,0.4037084
2023-05-19 01:00:00+00:00,0.1,0.39636666
2023-05-19 03:00:00+00:00,0.3,0.3923208
2023-05-19 05:00:00+00:00,0.3,0.37967765
2023-05-19 07:00:00+00:00,0.2,0.3473075
2023-05-19 09:00:00+00:00,0.1,0.28084046
2023-05-19 11:00:00+00:00,0.1,0.23943211
2023-05-19 13:00:00+00:00,0.2,0.2145095
2023-05-19 15:00:00+00:00,0.3,0.20159914
2023-05-19 17:00:00+00:00,0.3,0.2013749
2023-05-19 19:00:00+00:00,0.2,0.18715085
2023-05-19 21:00:00+00:00,0.1,0.16766544
2023-05-20 01:00:00+00:00,0.1,0.15963407
2023-05-20 03:00:00+00:00,0.2,0.16751431
2023-05-20 05:00:00+00:00,0.3,0.18336608
2023-05-20 07:00:00+00:00,0.3,0.19438682
2023-05-20 09:00:00+00:00,0.2,0.19589074
2023-05-20 11:00:00+00:00,0.2,0.19395487
2023-05-20 13:00:00+00:00,0.3,0.19768868
2023-05-20 15:00:00+00:00,0.4,0.20934768
2023-05-20 17:00:00+00:00,0.4,0.2220213
2023-05-20 19:00:00+00:00,0.3,0.22572918
2023-05-20 21:00:00+00:00,0.1,0.21758176
2023-05-27 07:00:00+00:00,0.1,0.20679487
2023-05-27 09:00:00+00:00,0.2,0.21307094
2023-05-27 11:00:00+00:00,0.2,0.23854561
2023-05-27 13:00:00+00:00,0.2,0.27051705
2023-05-27 15:00:00+00:00,0.2,0.2952122
2023-05-27 17:00:00+00:00,0.2,0.31027675
2023-05-27 19:00:00+00:00,0.2,0.3138792
2023-05-27 21:00:00+00:00,0.1,0.32253456
2023-05-27 23:00:00+00:00,0.1,0.32541054
2023-05-28 07:00:00+00:00,0.1,0.29557347
2023-05-28 09:00:00+00:00,0.2,0.24554707
2023-05-28 11:00:00+00:00,0.2,0.20049678
2023-05-28 13:00:00+00:00,0.2,0.174672
2023-05-28 15:00:00+00:00,0.2,0.16823922
2023-05-28 17:00:00+00:00,0.1,0.16545112
2023-05-28 19:00:00+00:00,0.1,0.16798086
2023-05-28 21:00:00+00:00,0.1,0.1665111
2023-05-28 23:00:00+00:00,0.1,0.16494854
2023-05-29 01:00:00+00:00,0.1,0.15664628
2023-05-29 07:00:00+00:00,0.1,0.15151359
2023-05-29 09:00:00+00:00,0.2,0.15637556
2023-05-29 11:00:00+00:00,0.2,0.16199918
2023-05-29 13:00:00+00:00,0.2,0.17213286
2023-05-29 15:00:00+00:00,0.2,0.17771365
2023-05-29 17:00:00+00:00,0.1,0.17287056
2023-05-29 19:00:00+00:00,0.1,0.15884681
2023-05-29 21:00:00+00:00,0.1,0.14146666
2023-05-29 23:00:00+00:00,0.1,0.13445266
