datetime,man
1999-03-18 04:00:00,4.3
1999-03-18 05:00:00,4.5
1999-03-18 06:00:00,4.0
1999-03-18 07:00:00,3.6
1999-03-18 12:00:00,1.9
1999-03-18 13:00:00,1.5
1999-03-18 14:00:00,1.6
1999-03-19 05:00:00,4.3
1999-03-19 06:00:00,4.5
1999-03-19 07:00:00,4.8
1999-03-19 08:00:00,4.2
1999-03-19 12:00:00,1.8
1999-03-19 13:00:00,1.6
1999-03-19 14:00:00,2.0
1999-03-20 06:00:00,4.8
1999-03-20 07:00:00,5.0
1999-03-20 08:00:00,5.2
1999-03-20 09:00:00,4.9
1999-03-20 13:00:00,2.7
1999-03-20 14:00:00,2.3
1999-03-20 15:00:00,2.0
1999-03-21 06:00:00,4.7
1999-03-21 07:00:00,5.1
1999-03-21 08:00:00,5.4
1999-03-21 09:00:00,5.5
1999-03-21 13:00:00,4.2
1999-03-21 14:00:00,2.9
1999-03-21 15:00:00,3.6
1999-03-22 07:00:00,5.2
1999-03-22 08:00:00,5.5
1999-03-22 09:00:00,5.7
1999-03-22 10:00:00,5.4
1999-03-22 14:00:00,4.2
1999-03-22 15:00:00,3.4
1999-03-22 16:00:00,3.5
1999-04-01 04:00:00,3.1
1999-04-01 05:00:00,4.7
1999-04-01 06:00:00,4.7
1999-04-01 07:00:00,5.4
1999-04-01 11:00:00,3.5
1999-04-01 12:00:00,3.1
1999-04-01 13:00:00,2.7
1999-04-02 05:00:00,4.8
1999-04-02 06:00:00,4.9
1999-04-02 07:00:00,5.1
1999-04-02 08:00:00,5.2
1999-04-02 23:00:00,3.5
1999-04-03 00:00:00,3.1
1999-04-03 01:00:00,2.8
1999-04-03 02:00:00,3.1
1999-04-03 03:00:00,3.5
1999-04-03 06:00:00,4.7
1999-04-03 07:00:00,5.1
1999-04-03 08:00:00,5.3
1999-04-03 09:00:00,5.0
1999-04-04 01:00:00,3.3
1999-04-04 02:00:00,2.9
1999-04-04 03:00:00,2.7
1999-04-04 06:00:00,4.3
1999-04-04 07:00:00,4.7
1999-04-04 08:00:00,4.7
1999-04-04 09:00:00,4.5
1999-04-05 01:00:00,2.6
1999-04-05 02:00:00,2.0
1999-04-05 03:00:00,1.7
1999-04-05 06:00:00,3.2
1999-04-05 07:00:00,3.3
1999-04-05 08:00:00,3.8
1999-04-05 09:00:00,3.5
1999-04-16 16:00:00,2.0
1999-04-16 17:00:00,2.4
1999-04-16 18:00:00,2.7
1999-04-16 19:00:00,2.9
1999-04-17 00:00:00,1.7
1999-04-17 01:00:00,1.4
1999-04-17 02:00:00,1.5
1999-04-17 17:00:00,2.7
1999-04-17 18:00:00,2.9
1999-04-17 19:00:00,3.1
1999-04-17 20:00:00,3.9
1999-04-18 01:00:00,1.5
1999-04-18 02:00:00,1.5
1999-04-18 03:00:00,1.7
1999-04-18 17:00:00,2.5
1999-04-18 18:00:00,2.7
1999-04-18 19:00:00,3.2
1999-04-18 20:00:00,3.2
1999-04-19 02:00:00,1.7
1999-04-19 03:00:00,1.5
1999-04-19 04:00:00,2.3
1999-04-19 18:00:00,3.0
1999-04-19 19:00:00,3.1
1999-04-19 20:00:00,3.3
1999-04-19 21:00:00,3.3
1999-04-20 02:00:00,1.5
1999-04-20 03:00:00,1.3
1999-04-20 04:00:00,1.6
1999-04-20 18:00:00,2.5
1999-04-20 19:00:00,2.8
1999-04-20 20:00:00,2.9
1999-04-20 21:00:00,3.0
1999-04-30 16:00:00,0.6
1999-04-30 17:00:00,0.7
1999-04-30 18:00:00,0.6
1999-04-30 19:00:00,0.6
1999-05-01 00:00:00,0.2
1999-05-01 01:00:00,0.2
1999-05-01 02:00:00,0.3
1999-05-01 16:00:00,0.6
1999-05-01 17:00:00,0.6
1999-05-01 18:00:00,0.8
1999-05-01 19:00:00,0.7
1999-05-02 01:00:00,0.3
1999-05-02 02:00:00,0.2
1999-05-02 03:00:00,0.2
1999-05-02 17:00:00,0.7
1999-05-02 18:00:00,0.8
1999-05-02 19:00:00,0.8
1999-05-02 20:00:00,0.7
1999-05-03 01:00:00,0.2
1999-05-03 02:00:00,0.2
1999-05-03 03:00:00,0.2
1999-05-03 06:00:00,0.6
1999-05-03 07:00:00,0.6
1999-05-03 08:00:00,0.8
1999-05-03 09:00:00,0.7
2005-02-01 01:00:00,0.1
2005-02-01 03:00:00,0.1
2005-02-01 05:00:00,0.1
2005-02-01 07:00:00,0.1
2005-02-01 09:00:00,0.1
2005-02-01 11:00:00,0.1
2005-02-01 13:00:00,0.1
2005-02-01 15:00:00,0.1
2005-02-01 17:00:00,0.1
2005-02-01 19:00:00,0.1
2005-02-01 21:00:00,0.1
2005-02-01 23:00:00,0.1
2005-02-02 01:00:00,0.1
2005-02-02 03:00:00,0.1
2005-02-02 05:00:00,0.1
2005-02-02 07:00:00,0.1
2005-02-02 09:00:00,0.1
2005-02-02 11:00:00,0.1
2005-02-02 13:00:00,0.1
2005-02-02 15:00:00,0.1
2005-02-02 17:00:00,0.1
2005-02-02 19:00:00,0.1
2005-02-02 21:00:00,0.1
2005-02-02 23:00:00,0.1
2005-02-03 01:00:00,0.1
2005-02-03 03:00:00,0.1
2005-02-03 05:00:00,0.1
2005-02-03 07:00:00,0.1
2005-02-03 09:00:00,0.1
2005-02-03 11:00:00,0.1
2005-02-03 13:00:00,0.1
2005-02-03 15:00:00,0.1
2005-02-03 17:00:00,0.1
2005-02-03 19:00:00,0.1
2005-02-03 21:00:00,0.1
2005-02-03 23:00:00,0.1
2005-02-10 01:00:00,0.2
2005-02-10 03:00:00,0.3
2005-02-10 05:00:00,0.5
2005-02-10 07:00:00,0.7
2005-02-10 09:00:00,0.4
2005-02-10 11:00:00,0.2
2005-02-10 13:00:00,0.1
2005-02-10 15:00:00,0.2
2005-02-10 17:00:00,0.6
2005-02-10 19:00:00,0.5
2005-02-10 21:00:00,0.4
2005-02-10 23:00:00,0.4
2005-02-11 01:00:00,0.2
2005-02-11 03:00:00,0.5
2005-02-11 05:00:00,0.8
2005-02-11 07:00:00,1.3
2005-02-11 09:00:00,0.9
2005-02-11 11:00:00,0.5
2005-02-11 13:00:00,0.2
2005-02-11 15:00:00,0.2
2005-02-11 17:00:00,0.3
2005-02-11 19:00:00,0.4
2005-02-11 21:00:00,0.8
2005-02-11 23:00:00,0.7
2005-02-12 01:00:00,0.5
2005-02-12 03:00:00,0.5
2005-02-12 05:00:00,0.7
2005-02-12 07:00:00,0.9
2005-02-12 09:00:00,1.0
2005-02-12 11:00:00,0.8
2005-02-12 13:00:00,0.3
2005-02-12 15:00:00,0.2
2005-02-12 17:00:00,0.2
2005-02-12 19:00:00,0.7
2005-02-12 21:00:00,0.8
2005-02-12 23:00:00,0.7
2005-02-17 01:00:00,0.2
2005-02-17 03:00:00,0.1
2005-02-17 05:00:00,0.1
2005-02-17 07:00:00,0.1
2005-02-17 09:00:00,0.1
2005-02-17 11:00:00,0.1
2005-02-17 13:00:00,0.1
2005-02-17 15:00:00,0.1
2005-02-17 17:00:00,0.2
2005-02-17 19:00:00,0.2
2005-02-17 21:00:00,0.2
2005-02-17 23:00:00,0.2
2005-02-18 01:00:00,0.2
2005-02-18 03:00:00,0.1
2005-02-18 05:00:00,0.1
2005-02-18 07:00:00,0.1
2005-02-18 09:00:00,0.1
2005-02-18 11:00:00,0.1
2005-02-18 13:00:00,0.1
2005-02-18 15:00:00,0.1
2005-02-18 17:00:00,0.2
2005-02-18 19:00:00,0.3
2005-02-18 21:00:00,0.4
2005-02-18 23:00:00,0.2
2005-02-19 01:00:00,0.2
2005-02-19 03:00:00,0.1
2005-02-19 05:00:00,0.1
2005-02-19 07:00:00,0.1
2005-02-19 09:00:00,0.1
2005-02-19 11:00:00,0.1
2005-02-19 13:00:00,0.1
2005-02-19 15:00:00,0.2
2005-02-19 17:00:00,0.2
2005-02-19 19:00:00,0.3
2005-02-19 21:00:00,0.3
2005-02-19 23:00:00,0.4
2005-02-23 01:00:00,1.1
2005-02-23 03:00:00,1.7
2005-02-23 05:00:00,2.6
2005-02-23 07:00:00,1.8
2005-02-23 09:00:00,0.6
2005-02-23 11:00:00,0.2
2005-02-23 13:00:00,0.2
2005-02-23 15:00:00,0.4
2005-02-23 17:00:00,1.0
2005-02-23 19:00:00,2.0
2005-02-23 21:00:00,1.8
2005-02-23 23:00:00,1.4
2005-02-24 01:00:00,2.0
2005-02-24 03:00:00,1.3
2005-02-24 05:00:00,1.1
2005-02-24 07:00:00,1.7
2005-02-24 09:00:00,0.7
2005-02-24 11:00:00,0.2
2005-02-24 13:00:00,0.2
2005-02-24 15:00:00,0.2
2005-02-24 17:00:00,0.8
2005-02-24 19:00:00,1.6
2005-02-24 21:00:00,1.5
2005-02-24 23:00:00,0.8
2005-02-25 01:00:00,0.6
2005-02-25 03:00:00,1.2
2005-02-25 05:00:00,1.8
2005-02-25 07:00:00,1.9
2005-02-25 09:00:00,1.0
2005-02-25 11:00:00,0.6
2005-02-25 13:00:00,0.1
2005-02-25 15:00:00,0.2
2005-02-25 17:00:00,0.6
2005-02-25 19:00:00,1.3
2005-02-25 21:00:00,1.4
2005-02-25 23:00:00,0.6
2005-03-05 01:00:00,3.3
2005-03-05 03:00:00,2.0
2005-03-05 05:00:00,1.5
2005-03-05 07:00:00,0.8
2005-03-05 09:00:00,0.7
2005-03-05 11:00:00,1.6
2005-03-05 13:00:00,2.4
2005-03-05 15:00:00,2.9
2005-03-05 17:00:00,3.9
2005-03-05 19:00:00,4.7
2005-03-05 21:00:00,4.5
2005-03-05 23:00:00,5.7
2005-03-06 01:00:00,4.2
2005-03-06 03:00:00,3.6
2005-03-06 05:00:00,3.1
2005-03-06 07:00:00,2.0
2005-03-06 09:00:00,1.3
2005-03-06 11:00:00,1.4
2005-03-06 13:00:00,2.5
2005-03-06 15:00:00,3.7
2005-03-06 17:00:00,4.5
2005-03-06 19:00:00,6.3
2005-03-06 21:00:00,6.1
2005-03-06 23:00:00,6.4
2005-03-07 01:00:00,5.7
2005-03-07 03:00:00,5.7
2005-03-07 05:00:00,5.1
2005-03-07 07:00:00,3.0
2005-03-07 09:00:00,2.0
2005-03-07 11:00:00,1.8
2005-03-07 13:00:00,1.6
2005-03-07 15:00:00,1.9
2005-03-07 17:00:00,4.8
2005-03-07 19:00:00,4.5
2005-03-07 21:00:00,3.9
2005-03-07 23:00:00,4.0
2005-03-11 01:00:00,2.4
2005-03-11 03:00:00,3.4
2005-03-11 05:00:00,6.2
2005-03-11 07:00:00,6.1
2005-03-11 09:00:00,4.0
2005-03-11 11:00:00,2.2
2005-03-11 13:00:00,1.1
2005-03-11 15:00:00,1.2
2005-03-11 17:00:00,3.0
2005-03-11 19:00:00,5.9
2005-03-11 21:00:00,4.9
2005-03-11 23:00:00,2.4
2005-03-12 01:00:00,1.7
2005-03-12 03:00:00,2.2
2005-03-12 05:00:00,5.6
2005-03-12 07:00:00,6.3
2005-03-12 09:00:00,5.3
2005-03-12 11:00:00,2.8
2005-03-12 13:00:00,1.2
2005-03-12 15:00:00,3.2
2005-03-12 17:00:00,3.3
2005-03-12 19:00:00,4.7
2005-03-12 21:00:00,5.0
2005-03-12 23:00:00,4.4
2005-03-13 01:00:00,2.2
2005-03-13 03:00:00,1.5
2005-03-13 05:00:00,2.6
2005-03-13 07:00:00,5.0
2005-03-13 09:00:00,5.6
2005-03-13 11:00:00,3.3
2005-03-13 13:00:00,1.5
2005-03-13 15:00:00,1.2
2005-03-13 17:00:00,2.6
2005-03-13 19:00:00,5.0
2005-03-13 21:00:00,5.4
2005-03-13 23:00:00,5.0
2005-03-18 01:00:00,5.0
2005-03-18 03:00:00,3.2
2005-03-18 05:00:00,2.0
2005-03-18 07:00:00,1.7
2005-03-18 09:00:00,2.3
2005-03-18 11:00:00,4.4
2005-03-18 13:00:00,5.7
2005-03-18 15:00:00,6.5
2005-03-18 17:00:00,7.3
2005-03-18 19:00:00,7.8
2005-03-18 21:00:00,7.9
2005-03-18 23:00:00,7.8
2005-03-19 01:00:00,6.3
2005-03-19 03:00:00,4.7
2005-03-19 05:00:00,3.4
2005-03-19 07:00:00,2.3
2005-03-19 09:00:00,1.9
2005-03-19 11:00:00,3.3
2005-03-19 13:00:00,4.2
2005-03-19 15:00:00,5.3
2005-03-19 17:00:00,7.9
2005-03-19 19:00:00,8.5
2005-03-19 21:00:00,8.4
2005-03-19 23:00:00,8.7
2005-03-20 01:00:00,7.2
2005-03-20 03:00:00,4.4
2005-03-20 05:00:00,3.9
2005-03-20 07:00:00,3.1
2005-03-20 09:00:00,2.7
2005-03-20 11:00:00,3.8
2005-03-20 13:00:00,5.7
2005-03-20 15:00:00,7.2
2005-03-20 17:00:00,8.5
2005-03-20 19:00:00,9.1
2005-03-20 21:00:00,8.4
2005-03-20 23:00:00,7.8
2005-03-27 01:00:00,5.7
2005-03-27 03:00:00,6.6
2005-03-27 05:00:00,7.4
2005-03-27 07:00:00,9.5
2005-03-27 09:00:00,8.4
2005-03-27 11:00:00,6.4
2005-03-27 13:00:00,4.9
2005-03-27 15:00:00,4.3
2005-03-27 17:00:00,7.8
2005-03-27 19:00:00,8.8
2005-03-27 21:00:00,8.3
2005-03-27 23:00:00,5.9
2005-03-28 01:00:00,4.2
2005-03-28 03:00:00,5.0
2005-03-28 05:00:00,7.3
2005-03-28 07:00:00,8.7
2005-03-28 09:00:00,6.4
2005-03-28 11:00:00,4.4
2005-03-28 13:00:00,3.7
2005-03-28 15:00:00,4.8
2005-03-28 17:00:00,6.7
2005-03-28 19:00:00,8.6
2005-03-28 21:00:00,8.3
2005-03-28 23:00:00,5.1
2005-03-29 01:00:00,4.1
2005-03-29 03:00:00,4.4
2005-03-29 05:00:00,5.1
2005-03-29 07:00:00,7.6
2005-03-29 09:00:00,9.1
2005-03-29 11:00:00,7.4
2005-03-29 13:00:00,5.3
2005-03-29 15:00:00,5.3
2005-03-29 17:00:00,6.6
2005-03-29 19:00:00,8.6
2005-03-29 21:00:00,8.2
2005-03-29 23:00:00,7.5
2005-04-02 01:00:00,4.8
2005-04-02 03:00:00,3.2
2005-04-02 05:00:00,2.1
2005-04-02 07:00:00,2.0
2005-04-02 09:00:00,3.3
2005-04-02 11:00:00,7.2
2005-04-02 13:00:00,7.9
2005-04-02 15:00:00,8.1
2005-04-02 17:00:00,8.6
2005-04-02 19:00:00,8.4
2005-04-02 21:00:00,7.9
2005-04-02 23:00:00,6.3
2005-04-03 01:00:00,5.8
2005-04-03 03:00:00,4.5
2005-04-03 05:00:00,2.9
2005-04-03 07:00:00,2.2
2005-04-03 09:00:00,2.6
2005-04-03 11:00:00,4.5
2005-04-03 13:00:00,6.6
2005-04-03 15:00:00,8.4
2005-04-03 17:00:00,10.1
2005-04-03 19:00:00,10.4
2005-04-03 21:00:00,10.7
2005-04-03 23:00:00,9.2
2005-04-04 01:00:00,9.2
2005-04-04 03:00:00,7.4
2005-04-04 05:00:00,5.2
2005-04-04 07:00:00,4.7
2005-04-04 09:00:00,4.0
2005-04-04 11:00:00,5.0
2005-04-04 13:00:00,6.9
2005-04-04 15:00:00,8.6
2005-04-04 17:00:00,9.7
2005-04-04 19:00:00,10.7
2005-04-04 21:00:00,10.8
2005-04-04 23:00:00,10.9
2005-04-09 01:00:00,6.3
2005-04-09 03:00:00,6.5
2005-04-09 05:00:00,8.5
2005-04-09 07:00:00,9.2
2005-04-09 09:00:00,6.0
2005-04-09 11:00:00,4.8
2005-04-09 13:00:00,4.1
2005-04-09 15:00:00,5.9
2005-04-09 17:00:00,8.1
2005-04-09 19:00:00,9.0
2005-04-09 21:00:00,6.6
2005-04-09 23:00:00,5.3
2005-04-10 01:00:00,4.0
2005-04-10 03:00:00,5.0
2005-04-10 05:00:00,5.8
2005-04-10 07:00:00,8.6
2005-04-10 09:00:00,8.1
2005-04-10 11:00:00,5.8
2005-04-10 13:00:00,4.6
2005-04-10 15:00:00,4.9
2005-04-10 17:00:00,6.8
2005-04-10 19:00:00,9.0
2005-04-10 21:00:00,7.7
2005-04-10 23:00:00,5.3
2005-04-11 01:00:00,3.2
2005-04-11 03:00:00,3.9
2005-04-11 05:00:00,5.3
2005-04-11 07:00:00,8.2
2005-04-11 09:00:00,7.6
2005-04-11 11:00:00,6.5
2005-04-11 13:00:00,4.6
2005-04-11 15:00:00,4.6
2005-04-11 17:00:00,6.6
2005-04-11 19:00:00,9.1
2005-04-11 21:00:00,7.6
2005-04-11 23:00:00,5.6
2005-04-16 01:00:00,6.1
2005-04-16 03:00:00,4.6
2005-04-16 05:00:00,3.7
2005-04-16 07:00:00,3.9
2005-04-16 09:00:00,5.3
2005-04-16 11:00:00,7.3
2005-04-16 13:00:00,8.5
2005-04-16 15:00:00,9.4
2005-04-16 17:00:00,9.7
2005-04-16 19:00:00,9.7
2005-04-16 21:00:00,8.9
2005-04-16 23:00:00,8.1
2005-04-17 01:00:00,5.5
2005-04-17 03:00:00,4.3
2005-04-17 05:00:00,3.0
2005-04-17 07:00:00,2.9
2005-04-17 09:00:00,3.9
2005-04-17 11:00:00,5.1
2005-04-17 13:00:00,6.2
2005-04-17 15:00:00,7.9
2005-04-17 17:00:00,8.5
2005-04-17 19:00:00,8.5
2005-04-17 21:00:00,7.8
2005-04-17 23:00:00,6.5
2005-04-18 01:00:00,2.2
2005-04-18 03:00:00,3.4
2005-04-18 05:00:00,2.6
2005-04-18 07:00:00,1.9
2005-04-18 09:00:00,2.6
2005-04-18 11:00:00,4.0
2005-04-18 13:00:00,5.5
2005-04-18 15:00:00,7.1
2005-04-18 17:00:00,8.7
2005-04-18 19:00:00,7.7
2005-04-18 21:00:00,7.2
2005-04-18 23:00:00,6.1
2005-04-26 01:00:00,2.0
2005-04-26 03:00:00,3.3
2005-04-26 05:00:00,2.2
2005-04-26 07:00:00,7.2
2005-04-26 09:00:00,6.4
2005-04-26 11:00:00,4.4
2005-04-26 13:00:00,3.5
2005-04-26 15:00:00,4.2
2005-04-26 17:00:00,6.9
2005-04-26 19:00:00,7.7
2005-04-26 21:00:00,6.5
2005-04-26 23:00:00,4.2
2005-04-27 01:00:00,3.0
2005-04-27 03:00:00,2.0
2005-04-27 05:00:00,3.0
2005-04-27 07:00:00,5.1
2005-04-27 09:00:00,6.7
2005-04-27 11:00:00,6.0
2005-04-27 13:00:00,5.1
2005-04-27 15:00:00,5.6
2005-04-27 17:00:00,6.6
2005-04-27 19:00:00,7.2
2005-04-27 21:00:00,6.7
2005-04-27 23:00:00,4.0
2005-04-28 01:00:00,2.0
2005-04-28 03:00:00,1.8
2005-04-28 05:00:00,2.6
2005-04-28 07:00:00,4.8
2005-04-28 09:00:00,6.3
2005-04-28 11:00:00,6.3
2005-04-28 13:00:00,5.7
2005-04-28 15:00:00,5.3
2005-04-28 17:00:00,6.4
2005-04-28 19:00:00,7.2
2005-04-28 21:00:00,6.9
2005-04-28 23:00:00,3.1
2005-04-30 01:00:00,1.8
2005-04-30 03:00:00,1.9
2005-04-30 05:00:00,1.0
2005-04-30 07:00:00,1.3
2005-04-30 09:00:00,3.7
2005-04-30 11:00:00,5.9
2005-04-30 13:00:00,6.6
2005-04-30 15:00:00,6.2
2005-04-30 17:00:00,6.6
2005-04-30 19:00:00,7.2
2005-04-30 21:00:00,7.2
2005-04-30 23:00:00,6.7
2005-05-01 01:00:00,4.4
2005-05-01 03:00:00,1.5
2005-05-01 05:00:00,1.7
2005-05-01 07:00:00,1.2
2005-05-01 09:00:00,2.4
2005-05-01 11:00:00,3.9
2005-05-01 13:00:00,5.7
2005-05-01 15:00:00,5.0
2005-05-01 17:00:00,6.4
2005-05-01 19:00:00,6.7
2005-05-01 21:00:00,6.6
2005-05-01 23:00:00,5.3
2005-05-02 01:00:00,3.0
2005-05-02 03:00:00,1.7
2005-05-02 05:00:00,1.5
2005-05-02 07:00:00,0.8
2005-05-02 09:00:00,1.0
2005-05-02 11:00:00,2.6
2005-05-02 13:00:00,4.9
2005-05-02 15:00:00,6.1
2005-05-02 17:00:00,4.9
2005-05-02 19:00:00,4.5
2005-05-02 21:00:00,4.2
2005-05-02 23:00:00,3.7
2005-05-09 01:00:00,0.9
2005-05-09 03:00:00,1.2
2005-05-09 05:00:00,3.5
2005-05-09 07:00:00,5.5
2005-05-09 09:00:00,4.6
2005-05-09 11:00:00,1.7
2005-05-09 13:00:00,2.5
2005-05-09 15:00:00,2.5
2005-05-09 17:00:00,5.3
2005-05-09 19:00:00,4.5
2005-05-09 21:00:00,3.4
2005-05-09 23:00:00,1.2
2005-05-10 01:00:00,0.7
2005-05-10 03:00:00,1.4
2005-05-10 05:00:00,2.9
2005-05-10 07:00:00,4.5
2005-05-10 09:00:00,4.1
2005-05-10 11:00:00,3.4
2005-05-10 13:00:00,2.7
2005-05-10 15:00:00,3.3
2005-05-10 17:00:00,4.4
2005-05-10 19:00:00,4.0
2005-05-10 21:00:00,3.0
2005-05-10 23:00:00,1.4
2005-05-11 01:00:00,0.6
2005-05-11 03:00:00,0.5
2005-05-11 05:00:00,1.2
2005-05-11 07:00:00,2.9
2005-05-11 09:00:00,3.6
2005-05-11 11:00:00,3.0
2005-05-11 13:00:00,2.2
2005-05-11 15:00:00,2.2
2005-05-11 17:00:00,3.4
2005-05-11 19:00:00,3.5
2005-05-11 21:00:00,2.7
2005-05-11 23:00:00,1.4
2005-05-16 01:00:00,0.2
2005-05-16 03:00:00,0.2
2005-05-16 05:00:00,0.2
2005-05-16 07:00:00,0.2
2005-05-16 09:00:00,0.4
2005-05-16 11:00:00,1.1
2005-05-16 13:00:00,2.1
2005-05-16 15:00:00,2.2
2005-05-16 17:00:00,2.1
2005-05-16 19:00:00,2.0
2005-05-16 21:00:00,1.6
2005-05-16 23:00:00,1.3
2005-05-17 01:00:00,0.5
2005-05-17 03:00:00,0.2
2005-05-17 05:00:00,0.2
2005-05-17 07:00:00,0.1
2005-05-17 09:00:00,0.2
2005-05-17 11:00:00,0.7
2005-05-17 13:00:00,1.5
2005-05-17 15:00:00,1.8
2005-05-17 17:00:00,1.8
2005-05-17 19:00:00,1.5
2005-05-17 21:00:00,1.3
2005-05-17 23:00:00,1.0
2005-05-18 01:00:00,0.6
2005-05-18 03:00:00,0.3
2005-05-18 05:00:00,0.2
2005-05-18 07:00:00,0.2
2005-05-18 09:00:00,0.2
2005-05-18 11:00:00,0.7
2005-05-18 13:00:00,1.7
2005-05-18 15:00:00,2.3
2005-05-18 17:00:00,2.0
2005-05-18 19:00:00,1.9
2005-05-18 21:00:00,1.3
2005-05-18 23:00:00,1.2
2005-05-25 01:00:00,0.9
2005-05-25 03:00:00,1.6
2005-05-25 05:00:00,3.7
2005-05-25 07:00:00,4.8
2005-05-25 09:00:00,4.0
2005-05-25 11:00:00,3.8
2005-05-25 13:00:00,3.5
2005-05-25 15:00:00,4.4
2005-05-25 17:00:00,5.0
2005-05-25 19:00:00,4.9
2005-05-25 21:00:00,3.9
2005-05-25 23:00:00,2.3
2005-05-26 01:00:00,1.1
2005-05-26 03:00:00,0.8
2005-05-26 05:00:00,1.8
2005-05-26 07:00:00,3.9
2005-05-26 09:00:00,3.9
2005-05-26 11:00:00,3.8
2005-05-26 13:00:00,3.8
2005-05-26 15:00:00,4.7
2005-05-26 17:00:00,4.9
2005-05-26 19:00:00,4.8
2005-05-26 21:00:00,4.3
2005-05-26 23:00:00,1.8
2005-05-27 01:00:00,1.1
2005-05-27 03:00:00,0.8
2005-05-27 05:00:00,1.0
2005-05-27 07:00:00,2.3
2005-05-27 09:00:00,3.1
2005-05-27 11:00:00,4.0
2005-05-27 13:00:00,3.8
2005-05-27 15:00:00,3.6
2005-05-27 17:00:00,4.6
2005-05-27 19:00:00,4.8
2005-05-27 21:00:00,3.4
2005-05-27 23:00:00,2.0
2005-06-03 01:00:00,0.4
2005-06-03 03:00:00,1.5
2005-06-03 05:00:00,0.7
2005-06-03 07:00:00,0.3
2005-06-03 09:00:00,0.2
2005-06-03 11:00:00,0.2
2005-06-03 13:00:00,0.9
2005-06-03 15:00:00,1.8
2005-06-03 17:00:00,1.9
2005-06-03 19:00:00,0.2
2005-06-03 21:00:00,0.2
2005-06-03 23:00:00,0.2
2005-06-04 01:00:00,0.3
2005-06-04 03:00:00,1.3
2005-06-04 05:00:00,1.6
2005-06-04 07:00:00,0.7
2005-06-04 09:00:00,0.2
2005-06-04 11:00:00,0.2
2005-06-04 13:00:00,0.7
2005-06-04 15:00:00,1.4
2005-06-04 17:00:00,1.4
2005-06-04 19:00:00,0.7
2005-06-04 21:00:00,0.2
2005-06-04 23:00:00,0.2
2005-06-05 01:00:00,0.2
2005-06-05 03:00:00,0.3
2005-06-05 05:00:00,0.8
2005-06-05 07:00:00,0.9
2005-06-05 09:00:00,0.3
2005-06-05 11:00:00,0.2
2005-06-05 13:00:00,0.3
2005-06-05 15:00:00,0.7
2005-06-05 17:00:00,0.8
2005-06-05 19:00:00,0.4
2005-06-05 21:00:00,0.2
2005-06-05 23:00:00,0.1
2005-06-08 01:00:00,0.1
2005-06-08 03:00:00,0.2
2005-06-08 05:00:00,0.3
2005-06-08 07:00:00,0.5
2005-06-08 09:00:00,0.6
2005-06-08 11:00:00,0.7
2005-06-08 13:00:00,0.6
2005-06-08 15:00:00,0.7
2005-06-08 17:00:00,0.9
2005-06-08 19:00:00,0.8
2005-06-08 21:00:00,0.3
2005-06-08 23:00:00,0.2
2005-06-09 01:00:00,0.1
2005-06-09 03:00:00,0.2
2005-06-09 05:00:00,0.3
2005-06-09 07:00:00,0.4
2005-06-09 09:00:00,0.5
2005-06-09 11:00:00,0.5
2005-06-09 13:00:00,0.6
2005-06-09 15:00:00,0.6
2005-06-09 17:00:00,0.8
2005-06-09 19:00:00,0.7
2005-06-09 21:00:00,0.4
2005-06-09 23:00:00,0.3
2005-06-10 01:00:00,0.2
2005-06-10 03:00:00,0.2
2005-06-10 05:00:00,0.3
2005-06-10 07:00:00,0.4
2005-06-10 09:00:00,0.6
2005-06-10 11:00:00,0.7
2005-06-10 13:00:00,0.5
2005-06-10 15:00:00,0.5
2005-06-10 17:00:00,0.7
2005-06-10 19:00:00,0.7
2005-06-10 21:00:00,0.5
2005-06-10 23:00:00,0.3
2015-04-03 01:00:00,1.325
2015-04-03 03:00:00,2.2
2015-04-03 05:00:00,2.8
2015-04-03 07:00:00,2.025
2015-04-03 09:00:00,1.3
2015-04-03 11:00:00,0.825
2015-04-03 13:00:00,0.475
2015-04-03 15:00:00,1.825
2015-04-03 17:00:00,2.625
2015-04-03 19:00:00,2.4
2015-04-03 21:00:00,1.575
2015-04-03 23:00:00,0.85
2015-04-04 01:00:00,0.275
2015-04-04 03:00:00,1.725
2015-04-04 05:00:00,2.4
2015-04-04 07:00:00,2.225
2015-04-04 09:00:00,1.5
2015-04-04 11:00:00,0.575
2015-04-04 13:00:00,0.3
2015-04-04 15:00:00,1.025
2015-04-04 17:00:00,2.1
2015-04-04 19:00:00,2.425
2015-04-04 21:00:00,1.8
2015-04-04 23:00:00,0.8
2015-04-05 01:00:00,0.425
2015-04-05 03:00:00,0.9
2015-04-05 05:00:00,2.0
2015-04-05 07:00:00,2.3
2015-04-05 09:00:00,1.775
2015-04-05 11:00:00,0.925
2015-04-05 13:00:00,0.625
2015-04-05 15:00:00,1.625
2015-04-05 17:00:00,2.2
2015-04-05 19:00:00,2.4
2015-04-05 21:00:00,1.875
2015-04-05 23:00:00,1.5
2015-04-07 01:00:00,0.425
2015-04-07 03:00:00,0.175
2015-04-07 05:00:00,1.1
2015-04-07 07:00:00,1.525
2015-04-07 09:00:00,1.325
2015-04-07 11:00:00,0.8
2015-04-07 13:00:00,0.375
2015-04-07 15:00:00,0.3
2015-04-07 17:00:00,1.1
2015-04-07 19:00:00,1.825
2015-04-07 21:00:00,1.525
2015-04-07 23:00:00,0.925
2015-04-08 01:00:00,0.425
2015-04-08 03:00:00,0.2
2015-04-08 05:00:00,1.0
2015-04-08 07:00:00,1.5
2015-04-08 09:00:00,1.875
2015-04-08 11:00:00,1.3
2015-04-08 13:00:00,0.925
2015-04-08 15:00:00,0.825
2015-04-08 17:00:00,1.4
2015-04-08 19:00:00,2.3
2015-04-08 21:00:00,2.1
2015-04-08 23:00:00,1.325
2015-04-09 01:00:00,0.725
2015-04-09 03:00:00,0.425
2015-04-09 05:00:00,1.0
2015-04-09 07:00:00,1.55
2015-04-09 09:00:00,2.2
2015-04-09 11:00:00,1.7
2015-04-09 13:00:00,1.2
2015-04-09 15:00:00,1.1
2015-04-09 17:00:00,1.825
2015-04-09 19:00:00,2.4
2015-04-09 21:00:00,2.2
2015-04-09 23:00:00,1.525
2015-04-11 01:00:00,1.1
2015-04-11 03:00:00,0.425
2015-04-11 05:00:00,0.3
2015-04-11 07:00:00,0.825
2015-04-11 09:00:00,1.3
2015-04-11 11:00:00,1.7
2015-04-11 13:00:00,1.525
2015-04-11 15:00:00,1.4
2015-04-11 17:00:00,1.525
2015-04-11 19:00:00,1.7
2015-04-11 21:00:00,1.9
2015-04-11 23:00:00,1.525
2015-04-12 01:00:00,0.9
2015-04-12 03:00:00,0.3
2015-04-12 05:00:00,0.1
2015-04-12 07:00:00,0.425
2015-04-12 09:00:00,0.9
2015-04-12 11:00:00,1.625
2015-04-12 13:00:00,1.7
2015-04-12 15:00:00,1.5
2015-04-12 17:00:00,1.225
2015-04-12 19:00:00,1.2
2015-04-12 21:00:00,1.3
2015-04-12 23:00:00,1.2
2015-04-13 01:00:00,0.925
2015-04-13 03:00:00,0.525
2015-04-13 05:00:00,0.3
2015-04-13 07:00:00,0.1
2015-04-13 09:00:00,0.525
2015-04-13 11:00:00,0.925
2015-04-13 13:00:00,1.525
2015-04-13 15:00:00,1.8
2015-04-13 17:00:00,1.6
2015-04-13 19:00:00,1.325
2015-04-13 21:00:00,1.225
2015-04-13 23:00:00,1.2
2015-04-18 01:00:00,0.9
2015-04-18 03:00:00,2.0
2015-04-18 05:00:00,2.7
2015-04-18 07:00:00,1.9
2015-04-18 09:00:00,0.825
2015-04-18 11:00:00,0.3
2015-04-18 13:00:00,0.5
2015-04-18 15:00:00,1.425
2015-04-18 17:00:00,2.5
2015-04-18 19:00:00,1.9
2015-04-18 21:00:00,1.325
2015-04-18 23:00:00,0.625
2015-04-19 01:00:00,0.275
2015-04-19 03:00:00,1.525
2015-04-19 05:00:00,2.3
2015-04-19 07:00:00,2.0
2015-04-19 09:00:00,1.0
2015-04-19 11:00:00,0.425
2015-04-19 13:00:00,0.2
2015-04-19 15:00:00,1.2
2015-04-19 17:00:00,2.3
2015-04-19 19:00:00,1.9
2015-04-19 21:00:00,1.225
2015-04-19 23:00:00,0.625
2015-04-20 01:00:00,0.1
2015-04-20 03:00:00,0.525
2015-04-20 05:00:00,1.3
2015-04-20 07:00:00,1.725
2015-04-20 09:00:00,1.2
2015-04-20 11:00:00,0.625
2015-04-20 13:00:00,0.325
2015-04-20 15:00:00,0.675
2015-04-20 17:00:00,1.6
2015-04-20 19:00:00,1.8
2015-04-20 21:00:00,1.4
2015-04-20 23:00:00,0.7
2015-04-21 01:00:00,0.1
2015-04-21 03:00:00,0.175
2015-04-21 05:00:00,0.975
2015-04-21 07:00:00,1.375
2015-04-21 09:00:00,1.1
2015-04-21 11:00:00,0.525
2015-04-21 13:00:00,0.1
2015-04-21 15:00:00,0.275
2015-04-21 17:00:00,1.0
2015-04-21 19:00:00,1.325
2015-04-21 21:00:00,0.9
2015-04-21 23:00:00,0.425
2015-04-28 01:00:00,0.4
2015-04-28 03:00:00,0.1
2015-04-28 05:00:00,0.1
2015-04-28 07:00:00,0.1
2015-04-28 09:00:00,0.175
2015-04-28 11:00:00,0.375
2015-04-28 13:00:00,0.8
2015-04-28 15:00:00,1.325
2015-04-28 17:00:00,1.0
2015-04-28 19:00:00,0.575
2015-04-28 21:00:00,0.425
2015-04-28 23:00:00,0.525
2015-04-29 01:00:00,0.625
2015-04-29 03:00:00,0.275
2015-04-29 05:00:00,0.1
2015-04-29 07:00:00,0.1
2015-04-29 09:00:00,0.1
2015-04-29 11:00:00,0.175
2015-04-29 13:00:00,0.575
2015-04-29 15:00:00,1.225
2015-04-29 17:00:00,1.0
2015-04-29 19:00:00,0.675
2015-04-29 21:00:00,0.425
2015-04-29 23:00:00,0.275
2015-04-30 01:00:00,0.475
2015-04-30 03:00:00,0.625
2015-04-30 05:00:00,0.3
2015-04-30 07:00:00,0.1
2015-04-30 09:00:00,0.1
2015-04-30 11:00:00,0.1
2015-04-30 13:00:00,0.375
2015-04-30 15:00:00,1.0
2015-04-30 17:00:00,1.325
2015-04-30 19:00:00,0.7
2015-04-30 21:00:00,0.275
2015-04-30 23:00:00,0.1
2015-05-02 01:00:00,0.275
2015-05-02 03:00:00,0.8
2015-05-02 05:00:00,1.025
2015-05-02 07:00:00,0.475
2015-05-02 09:00:00,0.1
2015-05-02 11:00:00,0.1
2015-05-02 13:00:00,0.3
2015-05-02 15:00:00,0.675
2015-05-02 17:00:00,1.025
2015-05-02 19:00:00,0.625
2015-05-02 21:00:00,0.275
2015-05-02 23:00:00,0.1
2015-05-03 01:00:00,0.1
2015-05-03 03:00:00,0.275
2015-05-03 05:00:00,0.8
2015-05-03 07:00:00,0.525
2015-05-03 09:00:00,0.1
2015-05-03 11:00:00,0.1
2015-05-03 13:00:00,0.325
2015-05-03 15:00:00,0.475
2015-05-03 17:00:00,0.8
2015-05-03 19:00:00,0.625
2015-05-03 21:00:00,0.175
2015-05-03 23:00:00,0.1
2015-05-04 01:00:00,0.1
2015-05-04 03:00:00,0.175
2015-05-04 05:00:00,0.7
2015-05-04 07:00:00,0.575
2015-05-04 09:00:00,0.425
2015-05-04 11:00:00,0.175
2015-05-04 13:00:00,0.2
2015-05-04 15:00:00,0.525
2015-05-04 17:00:00,0.825
2015-05-04 19:00:00,0.575
2015-05-04 21:00:00,0.275
2015-05-04 23:00:00,0.1
2015-05-06 01:00:00,0.1
2015-05-06 03:00:00,0.1
2015-05-06 05:00:00,0.275
2015-05-06 07:00:00,0.7
2015-05-06 09:00:00,0.475
2015-05-06 11:00:00,0.275
2015-05-06 13:00:00,0.325
2015-05-06 15:00:00,0.375
2015-05-06 17:00:00,0.725
2015-05-06 19:00:00,0.8
2015-05-06 21:00:00,0.375
2015-05-06 23:00:00,0.1
2015-05-07 01:00:00,0.1
2015-05-07 03:00:00,0.1
2015-05-07 05:00:00,0.1
2015-05-07 07:00:00,0.475
2015-05-07 09:00:00,0.725
2015-05-07 11:00:00,0.475
2015-05-07 13:00:00,0.325
2015-05-07 15:00:00,0.275
2015-05-07 17:00:00,0.575
2015-05-07 19:00:00,0.8
2015-05-07 21:00:00,0.475
2015-05-07 23:00:00,0.175
2015-05-08 01:00:00,0.1
2015-05-08 03:00:00,0.1
2015-05-08 05:00:00,0.1
2015-05-08 07:00:00,0.475
2015-05-08 09:00:00,0.625
2015-05-08 11:00:00,0.475
2015-05-08 13:00:00,0.425
2015-05-08 15:00:00,0.425
2015-05-08 17:00:00,0.5
2015-05-08 19:00:00,0.725
2015-05-08 21:00:00,0.6
2015-05-08 23:00:00,0.275
2015-05-14 01:00:00,0.1
2015-05-14 03:00:00,0.1
2015-05-14 05:00:00,0.1
2015-05-14 07:00:00,0.1
2015-05-14 09:00:00,0.1
2015-05-14 11:00:00,0.275
2015-05-14 13:00:00,0.325
2015-05-14 15:00:00,0.425
2015-05-14 17:00:00,0.275
2015-05-14 19:00:00,0.1
2015-05-14 21:00:00,0.1
2015-05-14 23:00:00,0.1
2015-05-15 01:00:00,0.175
2015-05-15 03:00:00,0.325
2015-05-15 05:00:00,0.1
2015-05-15 07:00:00,0.1
2015-05-15 09:00:00,0.1
2015-05-15 11:00:00,0.125
2015-05-15 13:00:00,0.325
2015-05-15 15:00:00,0.4
2015-05-15 17:00:00,0.175
2015-05-15 19:00:00,0.1
2015-05-15 21:00:00,0.1
2015-05-15 23:00:00,0.1
2015-05-16 01:00:00,0.125
2015-05-16 03:00:00,0.325
2015-05-16 05:00:00,0.2
2015-05-16 07:00:00,0.1
2015-05-16 09:00:00,0.1
2015-05-16 11:00:00,0.1
2015-05-16 13:00:00,0.325
2015-05-16 15:00:00,0.425
2015-05-16 17:00:00,0.325
2015-05-16 19:00:00,0.1
2015-05-16 21:00:00,0.1
2015-05-16 23:00:00,0.1
2015-05-18 01:00:00,0.1
2015-05-18 03:00:00,0.175
2015-05-18 05:00:00,0.425
2015-05-18 07:00:00,0.275
2015-05-18 09:00:00,0.125
2015-05-18 11:00:00,0.1
2015-05-18 13:00:00,0.225
2015-05-18 15:00:00,0.425
2015-05-18 17:00:00,0.525
2015-05-18 19:00:00,0.425
2015-05-18 21:00:00,0.175
2015-05-18 23:00:00,0.1
2015-05-19 01:00:00,0.1
2015-05-19 03:00:00,0.1
2015-05-19 05:00:00,0.275
2015-05-19 07:00:00,0.425
2015-05-19 09:00:00,0.275
2015-05-19 11:00:00,0.225
2015-05-19 13:00:00,0.325
2015-05-19 15:00:00,0.425
2015-05-19 17:00:00,0.5
2015-05-19 19:00:00,0.425
2015-05-19 21:00:00,0.125
2015-05-19 23:00:00,0.1
2015-05-20 01:00:00,0.1
2015-05-20 03:00:00,0.1
2015-05-20 05:00:00,0.175
2015-05-20 07:00:00,0.275
2015-05-20 09:00:00,0.325
2015-05-20 11:00:00,0.225
2015-05-20 13:00:00,0.2
2015-05-20 15:00:00,0.275
2015-05-20 17:00:00,0.4
2015-05-20 19:00:00,0.325
2015-05-20 21:00:00,0.125
2015-05-20 23:00:00,0.1
2015-05-27 01:00:00,0.1
2015-05-27 03:00:00,0.1
2015-05-27 05:00:00,0.1
2015-05-27 07:00:00,0.1
2015-05-27 09:00:00,0.1
2015-05-27 11:00:00,0.125
2015-05-27 13:00:00,0.275
2015-05-27 15:00:00,0.225
2015-05-27 17:00:00,0.125
2015-05-27 19:00:00,0.1
2015-05-27 21:00:00,0.1
2015-05-27 23:00:00,0.1
2015-05-28 01:00:00,0.1
2015-05-28 03:00:00,0.1
2015-05-28 05:00:00,0.1
2015-05-28 07:00:00,0.1
2015-05-28 09:00:00,0.1
2015-05-28 11:00:00,0.1
2015-05-28 13:00:00,0.625
2015-05-28 15:00:00,0.8
2015-05-28 17:00:00,0.575
2015-05-28 19:00:00,0.225
2015-05-28 21:00:00,0.1
2015-05-28 23:00:00,0.1
2015-05-29 01:00:00,0.175
2015-05-29 03:00:00,0.4
2015-05-29 05:00:00,0.225
2015-05-29 07:00:00,0.1
2015-05-29 09:00:00,0.1
2015-05-29 11:00:00,0.325
2015-05-29 13:00:00,1.025
2015-05-29 15:00:00,1.625
2015-05-29 17:00:00,1.175
2015-05-29 19:00:00,0.725
2015-05-29 21:00:00,0.275
2015-05-29 23:00:00,0.1
2016-03-02 01:00:00,5.375
2016-03-02 03:00:00,4.775
2016-03-02 05:00:00,4.0
2016-03-02 07:00:00,4.675000000000001
2016-03-02 09:00:00,5.875
2016-03-02 11:00:00,6.475
2016-03-02 13:00:00,5.625
2016-03-02 15:00:00,5.25
2016-03-02 17:00:00,5.0
2016-03-02 19:00:00,5.775
2016-03-02 21:00:00,6.225
2016-03-02 23:00:00,6.375
2016-03-03 01:00:00,5.875
2016-03-03 03:00:00,4.8
2016-03-03 05:00:00,4.125
2016-03-03 07:00:00,3.725
2016-03-03 09:00:00,4.475
2016-03-03 11:00:00,6.075
2016-03-03 13:00:00,6.575
2016-03-03 15:00:00,6.225
2016-03-03 17:00:00,6.0
2016-03-03 19:00:00,6.125
2016-03-03 21:00:00,6.300000000000001
2016-03-03 23:00:00,6.475
2016-03-04 01:00:00,6.125
2016-03-04 03:00:00,5.725
2016-03-04 05:00:00,5.0
2016-03-04 07:00:00,4.525
2016-03-04 09:00:00,3.975
2016-03-04 11:00:00,6.425
2016-03-04 13:00:00,7.625
2016-03-04 15:00:00,8.2
2016-03-04 17:00:00,8.425
2016-03-04 19:00:00,8.975
2016-03-04 21:00:00,9.0
2016-03-04 23:00:00,9.3
2016-03-08 01:00:00,9.025
2016-03-08 03:00:00,9.8
2016-03-08 05:00:00,9.275
2016-03-08 07:00:00,7.9
2016-03-08 09:00:00,7.3
2016-03-08 11:00:00,6.5249999999999995
2016-03-08 13:00:00,6.0
2016-03-08 15:00:00,7.9
2016-03-08 17:00:00,10.025
2016-03-08 19:00:00,9.399999999999999
2016-03-08 21:00:00,8.025
2016-03-08 23:00:00,7.199999999999999
2016-03-09 01:00:00,7.8
2016-03-09 03:00:00,9.375
2016-03-09 05:00:00,10.425
2016-03-09 07:00:00,9.275
2016-03-09 09:00:00,7.199999999999999
2016-03-09 11:00:00,6.0249999999999995
2016-03-09 13:00:00,5.125
2016-03-09 15:00:00,7.1000000000000005
2016-03-09 17:00:00,9.225
2016-03-09 19:00:00,9.625
2016-03-09 21:00:00,8.3
2016-03-09 23:00:00,7.199999999999999
2016-03-10 01:00:00,6.625
2016-03-10 03:00:00,9.075
2016-03-10 05:00:00,10.725
2016-03-10 07:00:00,10.075
2016-03-10 09:00:00,8.025
2016-03-10 11:00:00,6.4
2016-03-10 13:00:00,5.425000000000001
2016-03-10 15:00:00,6.3
2016-03-10 17:00:00,8.725
2016-03-10 19:00:00,10.275
2016-03-10 21:00:00,9.075
2016-03-10 23:00:00,7.4
2016-03-11 01:00:00,6.3
2016-03-11 03:00:00,7.199999999999999
2016-03-11 05:00:00,9.7
2016-03-11 07:00:00,10.825000000000001
2016-03-11 09:00:00,9.525
2016-03-11 11:00:00,8.025
2016-03-11 13:00:00,6.9
2016-03-11 15:00:00,6.0249999999999995
2016-03-11 17:00:00,8.625
2016-03-11 19:00:00,10.375
2016-03-11 21:00:00,9.775
2016-03-11 23:00:00,8.775
2016-03-16 01:00:00,8.775
2016-03-16 03:00:00,7.725
2016-03-16 05:00:00,6.4
2016-03-16 07:00:00,6.075
2016-03-16 09:00:00,6.8
2016-03-16 11:00:00,8.225
2016-03-16 13:00:00,8.575
2016-03-16 15:00:00,7.725
2016-03-16 17:00:00,6.6000000000000005
2016-03-16 19:00:00,6.875
2016-03-16 21:00:00,7.8
2016-03-16 23:00:00,8.025
2016-03-17 01:00:00,6.775
2016-03-17 03:00:00,5.9
2016-03-17 05:00:00,4.825
2016-03-17 07:00:00,4.2
2016-03-17 09:00:00,5.025
2016-03-17 11:00:00,6.1000000000000005
2016-03-17 13:00:00,6.699999999999999
2016-03-17 15:00:00,7.725
2016-03-17 17:00:00,7.0
2016-03-17 19:00:00,6.3
2016-03-17 21:00:00,5.975
2016-03-17 23:00:00,6.199999999999999
2016-03-18 01:00:00,6.5
2016-03-18 03:00:00,6.175
2016-03-18 05:00:00,5.025
2016-03-18 07:00:00,4.225
2016-03-18 09:00:00,3.925
2016-03-18 11:00:00,4.875
2016-03-18 13:00:00,5.975
2016-03-18 15:00:00,7.0
2016-03-18 17:00:00,7.3
2016-03-18 19:00:00,7.125
2016-03-18 21:00:00,6.6000000000000005
2016-03-18 23:00:00,6.0
2016-03-22 01:00:00,5.325
2016-03-22 03:00:00,6.8
2016-03-22 05:00:00,7.725
2016-03-22 07:00:00,6.3
2016-03-22 09:00:00,5.025
2016-03-22 11:00:00,4.2250000000000005
2016-03-22 13:00:00,3.7250000000000005
2016-03-22 15:00:00,5.425000000000001
2016-03-22 17:00:00,7.0
2016-03-22 19:00:00,7.4
2016-03-22 21:00:00,5.8
2016-03-22 23:00:00,4.6
2016-03-23 01:00:00,3.8249999999999997
2016-03-23 03:00:00,6.075
2016-03-23 05:00:00,7.824999999999999
2016-03-23 07:00:00,7.0
2016-03-23 09:00:00,5.425000000000001
2016-03-23 11:00:00,4.2
2016-03-23 13:00:00,3.3249999999999997
2016-03-23 15:00:00,5.1
2016-03-23 17:00:00,6.8
2016-03-23 19:00:00,7.0
2016-03-23 21:00:00,5.5249999999999995
2016-03-23 23:00:00,4.4
2016-03-24 01:00:00,3.7250000000000005
2016-03-24 03:00:00,5.825
2016-03-24 05:00:00,7.1000000000000005
2016-03-24 07:00:00,7.824999999999999
2016-03-24 09:00:00,6.125
2016-03-24 11:00:00,4.5
2016-03-24 13:00:00,3.025
2016-03-24 15:00:00,4.324999999999999
2016-03-24 17:00:00,6.225
2016-03-24 19:00:00,7.3
2016-03-24 21:00:00,6.125
2016-03-24 23:00:00,4.6
2016-03-26 01:00:00,4.4
2016-03-26 03:00:00,6.125
2016-03-26 05:00:00,7.6000000000000005
2016-03-26 07:00:00,8.8
2016-03-26 09:00:00,8.2
2016-03-26 11:00:00,7.4
2016-03-26 13:00:00,6.0249999999999995
2016-03-26 15:00:00,6.275
2016-03-26 17:00:00,8.0
2016-03-26 19:00:00,9.225
2016-03-26 21:00:00,8.3
2016-03-26 23:00:00,6.425000000000001
2016-03-27 01:00:00,5.175
2016-03-27 03:00:00,6.375
2016-03-27 05:00:00,8.2
2016-03-27 07:00:00,9.425
2016-03-27 09:00:00,9.475
2016-03-27 11:00:00,8.725
2016-03-27 13:00:00,7.3
2016-03-27 15:00:00,8.0
2016-03-27 17:00:00,9.375
2016-03-27 19:00:00,10.525
2016-03-27 21:00:00,10.225
2016-03-27 23:00:00,8.7
2016-03-28 01:00:00,7.6000000000000005
2016-03-28 03:00:00,7.0249999999999995
2016-03-28 05:00:00,9.100000000000001
2016-03-28 07:00:00,10.525
2016-03-28 09:00:00,10.875
2016-03-28 11:00:00,10.525
2016-03-28 13:00:00,9.7
2016-03-28 15:00:00,10.075
2016-03-28 17:00:00,10.925
2016-03-28 19:00:00,11.775
2016-03-28 21:00:00,11.425
2016-03-28 23:00:00,10.375
2016-04-01 01:00:00,7.95
2016-04-01 03:00:00,6.7
2016-04-01 05:00:00,5.825
2016-04-01 07:00:00,6.3
2016-04-01 09:00:00,7.4
2016-04-01 11:00:00,9.025
2016-04-01 13:00:00,9.375
2016-04-01 15:00:00,9.625
2016-04-01 17:00:00,9.15
2016-04-01 19:00:00,9.025
2016-04-01 21:00:00,8.725
2016-04-01 23:00:00,8.05
2016-04-02 01:00:00,6.725
2016-04-02 03:00:00,5.925
2016-04-02 05:00:00,4.875
2016-04-02 07:00:00,4.4
2016-04-02 09:00:00,5.625
2016-04-02 11:00:00,6.9
2016-04-02 13:00:00,8.5
2016-04-02 15:00:00,9.125
2016-04-02 17:00:00,9.025
2016-04-02 19:00:00,8.1
2016-04-02 21:00:00,7.325
2016-04-02 23:00:00,7.125
2016-04-03 01:00:00,6.975
2016-04-03 03:00:00,5.725
2016-04-03 05:00:00,4.575
2016-04-03 07:00:00,3.8
2016-04-03 09:00:00,4.1
2016-04-03 11:00:00,6.025
2016-04-03 13:00:00,7.6
2016-04-03 15:00:00,8.7
2016-04-03 17:00:00,8.2
2016-04-03 19:00:00,7.325
2016-04-03 21:00:00,6.975
2016-04-03 23:00:00,6.725
2016-04-06 01:00:00,7.05
2016-04-06 03:00:00,8.525
2016-04-06 05:00:00,7.6
2016-04-06 07:00:00,6.225
2016-04-06 09:00:00,5.225
2016-04-06 11:00:00,4.525
2016-04-06 13:00:00,4.975
2016-04-06 15:00:00,7.7
2016-04-06 17:00:00,8.925
2016-04-06 19:00:00,8.025
2016-04-06 21:00:00,6.5
2016-04-06 23:00:00,4.425
2016-04-07 01:00:00,5.125
2016-04-07 03:00:00,7.2
2016-04-07 05:00:00,8.825
2016-04-07 07:00:00,7.7
2016-04-07 09:00:00,6.15
2016-04-07 11:00:00,4.825
2016-04-07 13:00:00,4.0
2016-04-07 15:00:00,6.025
2016-04-07 17:00:00,8.325
2016-04-07 19:00:00,7.9
2016-04-07 21:00:00,6.425
2016-04-07 23:00:00,4.4
2016-04-08 01:00:00,4.4
2016-04-08 03:00:00,6.8
2016-04-08 05:00:00,8.475
2016-04-08 07:00:00,8.025
2016-04-08 09:00:00,6.125
2016-04-08 11:00:00,4.725
2016-04-08 13:00:00,3.8
2016-04-08 15:00:00,5.9
2016-04-08 17:00:00,8.275
2016-04-08 19:00:00,7.925
2016-04-08 21:00:00,6.5
2016-04-08 23:00:00,5.125
2016-04-09 01:00:00,4.4
2016-04-09 03:00:00,4.1
2016-04-09 05:00:00,6.7
2016-04-09 07:00:00,8.225
2016-04-09 09:00:00,7.0
2016-04-09 11:00:00,5.125
2016-04-09 13:00:00,3.5
2016-04-09 15:00:00,5.225
2016-04-09 17:00:00,7.0
2016-04-09 19:00:00,8.225
2016-04-09 21:00:00,7.1
2016-04-09 23:00:00,5.225
2016-04-15 01:00:00,1.325
2016-04-15 03:00:00,1.025
2016-04-15 05:00:00,0.775
2016-04-15 07:00:00,0.725
2016-04-15 09:00:00,1.6
2016-04-15 11:00:00,2.5
2016-04-15 13:00:00,3.025
2016-04-15 15:00:00,3.1
2016-04-15 17:00:00,2.9
2016-04-15 19:00:00,2.4
2016-04-15 21:00:00,1.825
2016-04-15 23:00:00,1.475
2016-04-16 01:00:00,1.475
2016-04-16 03:00:00,1.275
2016-04-16 05:00:00,0.925
2016-04-16 07:00:00,0.675
2016-04-16 09:00:00,1.225
2016-04-16 11:00:00,2.0
2016-04-16 13:00:00,2.8
2016-04-16 15:00:00,3.025
2016-04-16 17:00:00,2.9
2016-04-16 19:00:00,2.4
2016-04-16 21:00:00,2.025
2016-04-16 23:00:00,2.225
2016-04-17 01:00:00,2.4
2016-04-17 03:00:00,2.3
2016-04-17 05:00:00,1.7
2016-04-17 07:00:00,1.425
2016-04-17 09:00:00,0.925
2016-04-17 11:00:00,1.7
2016-04-17 13:00:00,2.825
2016-04-17 15:00:00,3.625
2016-04-17 17:00:00,3.3
2016-04-17 19:00:00,2.8
2016-04-17 21:00:00,2.1
2016-04-17 23:00:00,2.025
2016-04-23 01:00:00,0.725
2016-04-23 03:00:00,1.825
2016-04-23 05:00:00,3.2
2016-04-23 07:00:00,4.05
2016-04-23 09:00:00,3.0
2016-04-23 11:00:00,2.0
2016-04-23 13:00:00,1.325
2016-04-23 15:00:00,2.1
2016-04-23 17:00:00,3.5
2016-04-23 19:00:00,3.925
2016-04-23 21:00:00,2.5
2016-04-23 23:00:00,1.375
2016-04-24 01:00:00,0.725
2016-04-24 03:00:00,1.175
2016-04-24 05:00:00,2.825
2016-04-24 07:00:00,3.825
2016-04-24 09:00:00,3.0
2016-04-24 11:00:00,1.9
2016-04-24 13:00:00,1.225
2016-04-24 15:00:00,1.8
2016-04-24 17:00:00,3.1
2016-04-24 19:00:00,4.025
2016-04-24 21:00:00,3.3
2016-04-24 23:00:00,2.0
2016-04-25 01:00:00,1.1
2016-04-25 03:00:00,0.525
2016-04-25 05:00:00,2.2
2016-04-25 07:00:00,3.3
2016-04-25 09:00:00,3.4
2016-04-25 11:00:00,2.2
2016-04-25 13:00:00,1.525
2016-04-25 15:00:00,1.675
2016-04-25 17:00:00,2.5
2016-04-25 19:00:00,3.725
2016-04-25 21:00:00,2.6
2016-04-25 23:00:00,1.825
2016-04-28 01:00:00,0.725
2016-04-28 03:00:00,0.275
2016-04-28 05:00:00,0.525
2016-04-28 07:00:00,1.025
2016-04-28 09:00:00,1.7
2016-04-28 11:00:00,2.2
2016-04-28 13:00:00,1.6
2016-04-28 15:00:00,1.075
2016-04-28 17:00:00,1.3
2016-04-28 19:00:00,2.0
2016-04-28 21:00:00,1.6
2016-04-28 23:00:00,1.425
2016-04-29 01:00:00,0.9
2016-04-29 03:00:00,0.375
2016-04-29 05:00:00,0.2
2016-04-29 07:00:00,0.625
2016-04-29 09:00:00,1.0
2016-04-29 11:00:00,1.6
2016-04-29 13:00:00,1.5
2016-04-29 15:00:00,1.3
2016-04-29 17:00:00,1.1
2016-04-29 19:00:00,1.4
2016-04-29 21:00:00,1.5
2016-04-29 23:00:00,1.2
2016-04-30 01:00:00,0.725
2016-04-30 03:00:00,0.3
2016-04-30 05:00:00,0.1
2016-04-30 07:00:00,0.4
2016-04-30 09:00:00,1.1
2016-04-30 11:00:00,1.625
2016-04-30 13:00:00,1.675
2016-04-30 15:00:00,1.5
2016-04-30 17:00:00,1.0
2016-04-30 19:00:00,0.825
2016-04-30 21:00:00,1.025
2016-04-30 23:00:00,1.1
2016-05-06 01:00:00,0.925
2016-05-06 03:00:00,1.9
2016-05-06 05:00:00,2.725
2016-05-06 07:00:00,2.0
2016-05-06 09:00:00,1.2
2016-05-06 11:00:00,0.825
2016-05-06 13:00:00,1.3
2016-05-06 15:00:00,2.6
2016-05-06 17:00:00,2.875
2016-05-06 19:00:00,2.375
2016-05-06 21:00:00,1.7
2016-05-06 23:00:00,0.825
2016-05-07 01:00:00,0.525
2016-05-07 03:00:00,1.6
2016-05-07 05:00:00,2.775
2016-05-07 07:00:00,3.225
2016-05-07 09:00:00,2.0
2016-05-07 11:00:00,1.225
2016-05-07 13:00:00,1.3
2016-05-07 15:00:00,2.5
2016-05-07 17:00:00,3.625
2016-05-07 19:00:00,3.1
2016-05-07 21:00:00,2.3
2016-05-07 23:00:00,1.6
2016-05-08 01:00:00,0.725
2016-05-08 03:00:00,1.025
2016-05-08 05:00:00,2.6
2016-05-08 07:00:00,3.525
2016-05-08 09:00:00,2.775
2016-05-08 11:00:00,1.9
2016-05-08 13:00:00,1.4
2016-05-08 15:00:00,2.4
2016-05-08 17:00:00,3.725
2016-05-08 19:00:00,3.475
2016-05-08 21:00:00,2.4
2016-05-08 23:00:00,1.8
2016-05-09 01:00:00,1.2
2016-05-09 03:00:00,0.925
2016-05-09 05:00:00,2.275
2016-05-09 07:00:00,3.325
2016-05-09 09:00:00,2.975
2016-05-09 11:00:00,2.1
2016-05-09 13:00:00,1.4
2016-05-09 15:00:00,2.0
2016-05-09 17:00:00,3.125
2016-05-09 19:00:00,3.525
2016-05-09 21:00:00,2.575
2016-05-09 23:00:00,2.0
2016-05-14 01:00:00,1.1
2016-05-14 03:00:00,0.8
2016-05-14 05:00:00,0.425
2016-05-14 07:00:00,0.275
2016-05-14 09:00:00,1.2
2016-05-14 11:00:00,1.8
2016-05-14 13:00:00,2.4
2016-05-14 15:00:00,2.1
2016-05-14 17:00:00,1.8
2016-05-14 19:00:00,1.3
2016-05-14 21:00:00,1.4
2016-05-14 23:00:00,1.4
2016-05-15 01:00:00,1.1
2016-05-15 03:00:00,1.0
2016-05-15 05:00:00,0.625
2016-05-15 07:00:00,0.325
2016-05-15 09:00:00,0.7
2016-05-15 11:00:00,1.3
2016-05-15 13:00:00,2.325
2016-05-15 15:00:00,2.225
2016-05-15 17:00:00,2.0
2016-05-15 19:00:00,1.4
2016-05-15 21:00:00,1.1
2016-05-15 23:00:00,1.6
2016-05-16 01:00:00,1.9
2016-05-16 03:00:00,1.5
2016-05-16 05:00:00,0.9
2016-05-16 07:00:00,0.425
2016-05-16 09:00:00,0.525
2016-05-16 11:00:00,1.2
2016-05-16 13:00:00,2.225
2016-05-16 15:00:00,2.325
2016-05-16 17:00:00,2.0
2016-05-16 19:00:00,1.5
2016-05-16 21:00:00,1.1
2016-05-16 23:00:00,1.3
2016-05-20 01:00:00,0.725
2016-05-20 03:00:00,1.4
2016-05-20 05:00:00,1.9
2016-05-20 07:00:00,1.4
2016-05-20 09:00:00,0.8
2016-05-20 11:00:00,0.475
2016-05-20 13:00:00,0.725
2016-05-20 15:00:00,1.5
2016-05-20 17:00:00,1.7
2016-05-20 19:00:00,1.4
2016-05-20 21:00:00,0.9
2016-05-20 23:00:00,0.475
2016-05-21 01:00:00,0.325
2016-05-21 03:00:00,1.1
2016-05-21 05:00:00,1.6
2016-05-21 07:00:00,1.3
2016-05-21 09:00:00,0.7
2016-05-21 11:00:00,0.425
2016-05-21 13:00:00,0.575
2016-05-21 15:00:00,1.1
2016-05-21 17:00:00,1.6
2016-05-21 19:00:00,1.1
2016-05-21 21:00:00,0.8
2016-05-21 23:00:00,0.375
2016-05-22 01:00:00,0.225
2016-05-22 03:00:00,0.8
2016-05-22 05:00:00,1.2
2016-05-22 07:00:00,1.375
2016-05-22 09:00:00,0.9
2016-05-22 11:00:00,0.325
2016-05-22 13:00:00,0.375
2016-05-22 15:00:00,0.9
2016-05-22 17:00:00,1.1
2016-05-22 19:00:00,0.9
2016-05-22 21:00:00,0.525
2016-05-22 23:00:00,0.275
2016-05-24 01:00:00,0.1
2016-05-24 03:00:00,0.1
2016-05-24 05:00:00,0.525
2016-05-24 07:00:00,0.8
2016-05-24 09:00:00,0.6
2016-05-24 11:00:00,0.375
2016-05-24 13:00:00,0.325
2016-05-24 15:00:00,0.375
2016-05-24 17:00:00,0.7
2016-05-24 19:00:00,0.525
2016-05-24 21:00:00,0.325
2016-05-25 05:00:00,0.175
2016-05-25 07:00:00,0.425
2016-05-25 09:00:00,0.6
2016-05-25 11:00:00,0.425
2016-05-25 13:00:00,0.325
2016-05-25 15:00:00,0.425
2016-05-25 17:00:00,0.425
2016-05-25 19:00:00,0.5
2016-05-25 21:00:00,0.425
2016-05-25 23:00:00,0.175
2016-05-26 05:00:00,0.075
2016-05-26 07:00:00,0.325
2016-05-26 09:00:00,0.525
2016-05-26 11:00:00,0.425
2016-05-26 13:00:00,0.325
2016-05-26 15:00:00,0.275
2016-05-26 17:00:00,0.425
2016-05-26 19:00:00,0.5
2016-05-26 21:00:00,0.325
2016-05-26 23:00:00,0.125
2016-05-29 07:00:00,0.075
2016-05-29 09:00:00,0.175
2016-05-29 11:00:00,0.325
2016-05-29 13:00:00,0.275
2016-05-29 15:00:00,0.225
2016-05-29 17:00:00,0.175
2016-05-29 19:00:00,0.1
2016-05-29 21:00:00,0.1
2016-05-29 23:00:00,0.1
2016-05-30 07:00:00,0.075
2016-05-30 09:00:00,0.275
2016-05-30 11:00:00,0.325
2016-05-30 13:00:00,0.325
2016-05-30 15:00:00,0.125
2016-05-30 17:00:00,0.1
2016-05-30 19:00:00,0.1
2016-05-30 21:00:00,0.175
2016-05-30 23:00:00,0.1
2016-05-31 07:00:00,0.075
2016-05-31 09:00:00,0.175
2016-05-31 11:00:00,0.225
2016-05-31 13:00:00,0.325
2016-05-31 15:00:00,0.325
2016-05-31 17:00:00,0.275
2016-05-31 19:00:00,0.225
2016-05-31 21:00:00,0.1
2016-05-31 23:00:00,0.1
2017-04-03 01:00:00,0.175
2017-04-03 03:00:00,0.1
2017-04-03 05:00:00,0.1
2017-04-03 07:00:00,0.175
2017-04-03 09:00:00,0.275
2017-04-03 11:00:00,0.425
2017-04-03 13:00:00,0.375
2017-04-03 15:00:00,0.275
2017-04-03 17:00:00,0.325
2017-04-03 19:00:00,0.375
2017-04-03 21:00:00,0.575
2017-04-03 23:00:00,0.425
2017-04-04 01:00:00,0.175
2017-04-04 03:00:00,0.125
2017-04-04 05:00:00,0.1
2017-04-04 07:00:00,0.175
2017-04-04 09:00:00,0.325
2017-04-04 11:00:00,0.325
2017-04-04 13:00:00,0.375
2017-04-04 15:00:00,0.375
2017-04-04 17:00:00,0.425
2017-04-04 19:00:00,0.425
2017-04-04 21:00:00,0.475
2017-04-04 23:00:00,0.575
2017-04-05 01:00:00,0.325
2017-04-05 03:00:00,0.125
2017-04-05 05:00:00,0.1
2017-04-05 07:00:00,0.1
2017-04-05 09:00:00,0.1
2017-04-05 11:00:00,0.275
2017-04-05 13:00:00,0.475
2017-04-05 15:00:00,0.375
2017-04-05 17:00:00,0.425
2017-04-05 19:00:00,0.325
2017-04-05 21:00:00,0.325
2017-04-05 23:00:00,0.275
2017-04-07 01:00:00,0.275
2017-04-07 03:00:00,0.225
2017-04-07 05:00:00,0.125
2017-04-07 07:00:00,0.1
2017-04-07 09:00:00,0.1
2017-04-07 11:00:00,0.1
2017-04-07 13:00:00,0.1
2017-04-07 15:00:00,0.2
2017-04-07 17:00:00,0.375
2017-04-07 19:00:00,0.325
2017-04-07 21:00:00,0.225
2017-04-07 23:00:00,0.175
2017-04-08 01:00:00,0.275
2017-04-08 03:00:00,0.375
2017-04-08 05:00:00,0.225
2017-04-08 07:00:00,0.125
2017-04-08 09:00:00,0.1
2017-04-08 11:00:00,0.1
2017-04-08 13:00:00,0.125
2017-04-08 15:00:00,0.275
2017-04-08 17:00:00,0.375
2017-04-08 19:00:00,0.225
2017-04-08 21:00:00,0.175
2017-04-08 23:00:00,0.125
2017-04-09 01:00:00,0.175
2017-04-09 03:00:00,0.375
2017-04-09 05:00:00,0.225
2017-04-09 07:00:00,0.125
2017-04-09 09:00:00,0.1
2017-04-09 11:00:00,0.1
2017-04-09 13:00:00,0.175
2017-04-09 15:00:00,0.225
2017-04-09 17:00:00,0.375
2017-04-09 19:00:00,0.325
2017-04-09 21:00:00,0.225
2017-04-09 23:00:00,0.175
2017-04-11 01:00:00,0.1
2017-04-11 03:00:00,0.175
2017-04-11 05:00:00,0.2
2017-04-11 07:00:00,0.225
2017-04-11 09:00:00,0.175
2017-04-11 11:00:00,0.125
2017-04-11 13:00:00,0.125
2017-04-11 15:00:00,0.175
2017-04-11 17:00:00,0.2
2017-04-11 19:00:00,0.225
2017-04-11 21:00:00,0.175
2017-04-11 23:00:00,0.125
2017-04-12 01:00:00,0.1
2017-04-12 03:00:00,0.1
2017-04-12 05:00:00,0.175
2017-04-12 07:00:00,0.2
2017-04-12 09:00:00,0.225
2017-04-12 11:00:00,0.175
2017-04-12 13:00:00,0.125
2017-04-12 15:00:00,0.1
2017-04-12 17:00:00,0.175
2017-04-12 19:00:00,0.225
2017-04-12 21:00:00,0.2
2017-04-12 23:00:00,0.125
2017-04-13 01:00:00,0.1
2017-04-13 03:00:00,0.125
2017-04-13 05:00:00,0.175
2017-04-13 07:00:00,0.2
2017-04-13 09:00:00,0.225
2017-04-13 11:00:00,0.175
2017-04-13 13:00:00,0.125
2017-04-13 15:00:00,0.1
2017-04-13 17:00:00,0.125
2017-04-13 19:00:00,0.225
2017-04-13 21:00:00,0.175
2017-04-13 23:00:00,0.1
2017-04-18 01:00:00,0.1
2017-04-18 03:00:00,0.1
2017-04-18 05:00:00,0.1
2017-04-18 07:00:00,0.1
2017-04-18 09:00:00,0.1
2017-04-18 11:00:00,0.1
2017-04-18 13:00:00,0.1
2017-04-18 15:00:00,0.1
2017-04-18 17:00:00,0.1
2017-04-18 19:00:00,0.1
2017-04-18 21:00:00,0.1
2017-04-18 23:00:00,0.1
2017-04-19 01:00:00,0.1
2017-04-19 03:00:00,0.1
2017-04-19 05:00:00,0.1
2017-04-19 07:00:00,0.1
2017-04-19 09:00:00,0.1
2017-04-19 11:00:00,0.1
2017-04-19 13:00:00,0.1
2017-04-19 15:00:00,0.1
2017-04-19 17:00:00,0.1
2017-04-19 19:00:00,0.1
2017-04-19 21:00:00,0.1
2017-04-19 23:00:00,0.1
2017-04-20 01:00:00,0.1
2017-04-20 03:00:00,0.1
2017-04-20 05:00:00,0.1
2017-04-20 07:00:00,0.1
2017-04-20 09:00:00,0.1
2017-04-20 11:00:00,0.1
2017-04-20 13:00:00,0.1
2017-04-20 15:00:00,0.1
2017-04-20 17:00:00,0.1
2017-04-20 19:00:00,0.1
2017-04-20 21:00:00,0.1
2017-04-20 23:00:00,0.1
2017-04-26 01:00:00,0.575
2017-04-26 03:00:00,1.1
2017-04-26 05:00:00,1.525
2017-04-26 07:00:00,1.175
2017-04-26 09:00:00,0.675
2017-04-26 11:00:00,0.375
2017-04-26 13:00:00,0.525
2017-04-26 15:00:00,1.225
2017-04-26 17:00:00,1.825
2017-04-26 19:00:00,1.525
2017-04-26 21:00:00,0.9
2017-04-26 23:00:00,0.475
2017-04-27 01:00:00,0.275
2017-04-27 03:00:00,0.575
2017-04-27 05:00:00,1.325
2017-04-27 07:00:00,1.675
2017-04-27 09:00:00,1.125
2017-04-27 11:00:00,0.7
2017-04-27 13:00:00,0.425
2017-04-27 15:00:00,1.025
2017-04-27 17:00:00,1.675
2017-04-27 19:00:00,1.625
2017-04-27 21:00:00,1.0
2017-04-27 23:00:00,0.475
2017-04-28 01:00:00,0.225
2017-04-28 03:00:00,0.375
2017-04-28 05:00:00,0.9
2017-04-28 07:00:00,1.725
2017-04-28 09:00:00,1.225
2017-04-28 11:00:00,0.625
2017-04-28 13:00:00,0.375
2017-04-28 15:00:00,0.7
2017-04-28 17:00:00,1.275
2017-04-28 19:00:00,1.575
2017-04-28 21:00:00,1.1
2017-04-28 23:00:00,0.575
2017-04-29 01:00:00,0.375
2017-04-29 03:00:00,0.225
2017-04-29 05:00:00,0.575
2017-04-29 07:00:00,1.275
2017-04-29 09:00:00,1.475
2017-04-29 11:00:00,1.0
2017-04-29 13:00:00,0.375
2017-04-29 15:00:00,0.425
2017-04-29 17:00:00,0.8
2017-04-29 19:00:00,1.325
2017-04-29 21:00:00,0.9
2017-04-29 23:00:00,0.375
2017-05-04 01:00:00,0.1
2017-05-04 03:00:00,0.1
2017-05-04 05:00:00,0.1
2017-05-04 07:00:00,0.1
2017-05-04 09:00:00,0.125
2017-05-04 11:00:00,0.2
2017-05-04 13:00:00,0.225
2017-05-04 15:00:00,0.275
2017-05-04 17:00:00,0.325
2017-05-04 19:00:00,0.225
2017-05-04 21:00:00,0.125
2017-05-04 23:00:00,0.1
2017-05-05 01:00:00,0.1
2017-05-05 03:00:00,0.1
2017-05-05 05:00:00,0.1
2017-05-05 07:00:00,0.1
2017-05-05 09:00:00,0.125
2017-05-05 11:00:00,0.175
2017-05-05 13:00:00,0.2
2017-05-05 15:00:00,0.225
2017-05-05 17:00:00,0.225
2017-05-05 19:00:00,0.175
2017-05-05 21:00:00,0.1
2017-05-05 23:00:00,0.1
2017-05-06 01:00:00,0.1
2017-05-06 03:00:00,0.1
2017-05-06 05:00:00,0.1
2017-05-06 07:00:00,0.1
2017-05-06 09:00:00,0.1
2017-05-06 11:00:00,0.125
2017-05-06 13:00:00,0.175
2017-05-06 15:00:00,0.225
2017-05-06 17:00:00,0.225
2017-05-06 19:00:00,0.2
2017-05-06 21:00:00,0.1
2017-05-06 23:00:00,0.1
2017-05-09 01:00:00,0.1
2017-05-09 03:00:00,0.175
2017-05-09 05:00:00,0.2
2017-05-09 07:00:00,0.225
2017-05-09 09:00:00,0.125
2017-05-09 11:00:00,0.1
2017-05-09 13:00:00,0.1
2017-05-09 15:00:00,0.175
2017-05-09 17:00:00,0.175
2017-05-09 19:00:00,0.2
2017-05-09 21:00:00,0.1
2017-05-09 23:00:00,0.1
2017-05-10 01:00:00,0.1
2017-05-10 03:00:00,0.1
2017-05-10 05:00:00,0.175
2017-05-10 07:00:00,0.225
2017-05-10 09:00:00,0.125
2017-05-10 11:00:00,0.1
2017-05-10 13:00:00,0.1
2017-05-10 15:00:00,0.175
2017-05-10 17:00:00,0.225
2017-05-10 19:00:00,0.225
2017-05-10 21:00:00,0.125
2017-05-10 23:00:00,0.1
2017-05-11 01:00:00,0.1
2017-05-11 03:00:00,0.125
2017-05-11 05:00:00,0.175
2017-05-11 07:00:00,0.2
2017-05-11 09:00:00,0.125
2017-05-11 11:00:00,0.1
2017-05-11 13:00:00,0.1
2017-05-11 15:00:00,0.1
2017-05-11 17:00:00,0.175
2017-05-11 19:00:00,0.2
2017-05-11 21:00:00,0.125
2017-05-11 23:00:00,0.1
2017-05-18 01:00:00,0.1
2017-05-18 03:00:00,0.1
2017-05-18 05:00:00,0.1
2017-05-18 07:00:00,0.1
2017-05-18 09:00:00,0.1
2017-05-18 11:00:00,0.1
2017-05-18 13:00:00,0.1
2017-05-18 15:00:00,0.1
2017-05-18 17:00:00,0.1
2017-05-18 19:00:00,0.1
2017-05-18 21:00:00,0.1
2017-05-18 23:00:00,0.1
2017-05-19 01:00:00,0.1
2017-05-19 03:00:00,0.1
2017-05-19 05:00:00,0.1
2017-05-19 07:00:00,0.1
2017-05-19 09:00:00,0.1
2017-05-19 11:00:00,0.1
2017-05-19 13:00:00,0.1
2017-05-19 15:00:00,0.1
2017-05-19 17:00:00,0.1
2017-05-19 19:00:00,0.1
2017-05-19 21:00:00,0.1
2017-05-19 23:00:00,0.1
2017-05-20 01:00:00,0.1
2017-05-20 03:00:00,0.1
2017-05-20 05:00:00,0.1
2017-05-20 07:00:00,0.1
2017-05-20 09:00:00,0.1
2017-05-20 11:00:00,0.1
2017-05-20 13:00:00,0.1
2017-05-20 15:00:00,0.1
2017-05-20 17:00:00,0.1
2017-05-20 19:00:00,0.1
2017-05-20 21:00:00,0.1
2017-05-20 23:00:00,0.1
2017-05-24 01:00:00,0.1
2017-05-24 03:00:00,0.1
2017-05-24 05:00:00,0.1
2017-05-24 07:00:00,0.1
2017-05-24 09:00:00,0.1
2017-05-24 11:00:00,0.1
2017-05-24 13:00:00,0.1
2017-05-24 15:00:00,0.1
2017-05-24 17:00:00,0.1
2017-05-24 19:00:00,0.1
2017-05-24 21:00:00,0.1
2017-05-24 23:00:00,0.1
2017-05-25 01:00:00,0.1
2017-05-25 03:00:00,0.1
2017-05-25 05:00:00,0.1
2017-05-25 07:00:00,0.1
2017-05-25 09:00:00,0.1
2017-05-25 11:00:00,0.1
2017-05-25 13:00:00,0.1
2017-05-25 15:00:00,0.1
2017-05-25 17:00:00,0.1
2017-05-25 19:00:00,0.1
2017-05-25 21:00:00,0.1
2017-05-25 23:00:00,0.1
2017-05-26 01:00:00,0.1
2017-05-26 03:00:00,0.1
2017-05-26 05:00:00,0.1
2017-05-26 07:00:00,0.1
2017-05-26 09:00:00,0.1
2017-05-26 11:00:00,0.1
2017-05-26 13:00:00,0.1
2017-05-26 15:00:00,0.1
2017-05-26 17:00:00,0.1
2017-05-26 19:00:00,0.1
2017-05-26 21:00:00,0.1
2017-05-26 23:00:00,0.1
2017-05-28 01:00:00,0.1
2017-05-28 03:00:00,0.1
2017-05-28 05:00:00,0.1
2017-05-28 07:00:00,0.1
2017-05-28 09:00:00,0.1
2017-05-28 11:00:00,0.1
2017-05-28 13:00:00,0.1
2017-05-28 15:00:00,0.1
2017-05-28 17:00:00,0.1
2017-05-28 19:00:00,0.1
2017-05-28 21:00:00,0.1
2017-05-28 23:00:00,0.1
2017-05-29 01:00:00,0.1
2017-05-29 03:00:00,0.1
2017-05-29 05:00:00,0.1
2017-05-29 07:00:00,0.1
2017-05-29 09:00:00,0.1
2017-05-29 11:00:00,0.1
2017-05-29 13:00:00,0.1
2017-05-29 15:00:00,0.1
2017-05-29 17:00:00,0.1
2017-05-29 19:00:00,0.1
2017-05-29 21:00:00,0.1
2017-05-29 23:00:00,0.1
2017-05-30 01:00:00,0.1
2017-05-30 03:00:00,0.1
2017-05-30 05:00:00,0.1
2017-05-30 07:00:00,0.1
2017-05-30 09:00:00,0.1
2017-05-30 11:00:00,0.1
2017-05-30 13:00:00,0.1
2017-05-30 15:00:00,0.1
2017-05-30 17:00:00,0.1
2017-05-30 19:00:00,0.1
2017-05-30 21:00:00,0.1
2017-05-30 23:00:00,0.1
2017-06-04 01:00:00,0.1
2017-06-04 03:00:00,0.1
2017-06-04 05:00:00,0.1
2017-06-04 07:00:00,0.1
2017-06-04 09:00:00,0.1
2017-06-04 11:00:00,0.1
2017-06-04 13:00:00,0.1
2017-06-04 15:00:00,0.175
2017-06-04 17:00:00,0.1
2017-06-04 19:00:00,0.1
2017-06-04 21:00:00,0.1
2017-06-04 23:00:00,0.1
2017-06-05 01:00:00,0.1
2017-06-05 03:00:00,0.1
2017-06-05 05:00:00,0.2
2017-06-05 07:00:00,0.1
2017-06-05 09:00:00,0.1
2017-06-05 11:00:00,0.1
2017-06-05 13:00:00,0.1
2017-06-05 15:00:00,0.2
2017-06-05 17:00:00,0.1
2017-06-05 19:00:00,0.1
2017-06-05 21:00:00,0.1
2017-06-05 23:00:00,0.1
2017-06-06 01:00:00,0.1
2017-06-06 03:00:00,0.1
2017-06-06 05:00:00,0.175
2017-06-06 07:00:00,0.1
2017-06-06 09:00:00,0.1
2017-06-06 11:00:00,0.1
2017-06-06 13:00:00,0.1
2017-06-06 15:00:00,0.1
2017-06-06 17:00:00,0.2
2017-06-06 19:00:00,0.1
2017-06-06 21:00:00,0.1
2017-06-06 23:00:00,0.1
2017-06-10 01:00:00,0.1
2017-06-10 03:00:00,0.1
2017-06-10 05:00:00,0.1
2017-06-10 07:00:00,0.1
2017-06-10 09:00:00,0.1
2017-06-10 11:00:00,0.1
2017-06-10 13:00:00,0.1
2017-06-10 15:00:00,0.1
2017-06-10 17:00:00,0.1
2017-06-10 19:00:00,0.1
2017-06-10 21:00:00,0.1
2017-06-10 23:00:00,0.1
2017-06-11 01:00:00,0.1
2017-06-11 03:00:00,0.1
2017-06-11 05:00:00,0.1
2017-06-11 07:00:00,0.1
2017-06-11 09:00:00,0.1
2017-06-11 11:00:00,0.1
2017-06-11 13:00:00,0.1
2017-06-11 15:00:00,0.1
2017-06-11 17:00:00,0.1
2017-06-11 19:00:00,0.1
2017-06-11 21:00:00,0.1
2017-06-11 23:00:00,0.1
2017-06-12 01:00:00,0.1
2017-06-12 03:00:00,0.1
2017-06-12 05:00:00,0.1
2017-06-12 07:00:00,0.1
2017-06-12 09:00:00,0.1
2017-06-12 11:00:00,0.1
2017-06-12 13:00:00,0.1
2017-06-12 15:00:00,0.1
2017-06-12 17:00:00,0.1
2017-06-12 19:00:00,0.1
2017-06-12 21:00:00,0.1
2017-06-12 23:00:00,0.1
2017-06-13 01:00:00,0.1
2017-06-13 03:00:00,0.1
2017-06-13 05:00:00,0.1
2017-06-13 07:00:00,0.1
2017-06-13 09:00:00,0.1
2017-06-13 11:00:00,0.1
2017-06-13 13:00:00,0.1
2017-06-13 15:00:00,0.1
2017-06-13 17:00:00,0.1
2017-06-13 19:00:00,0.1
2017-06-13 21:00:00,0.1
2017-06-13 23:00:00,0.1
2017-06-17 01:00:00,0.1
2017-06-17 03:00:00,0.1
2017-06-17 05:00:00,0.1
2017-06-17 07:00:00,0.1
2017-06-17 09:00:00,0.1
2017-06-17 11:00:00,0.2
2017-06-17 13:00:00,0.1
2017-06-17 15:00:00,0.1
2017-06-17 17:00:00,0.1
2017-06-17 19:00:00,0.1
2017-06-17 21:00:00,0.1
2017-06-17 23:00:00,0.1
2017-06-18 01:00:00,0.1
2017-06-18 03:00:00,0.1
2017-06-18 05:00:00,0.1
2017-06-18 07:00:00,0.1
2017-06-18 09:00:00,0.1
2017-06-18 11:00:00,0.375
2017-06-18 13:00:00,0.2
2017-06-18 15:00:00,0.1
2017-06-18 17:00:00,0.1
2017-06-18 19:00:00,0.1
2017-06-18 21:00:00,0.1
2017-06-18 23:00:00,0.1
2017-06-19 01:00:00,0.1
2017-06-19 03:00:00,0.1
2017-06-19 05:00:00,0.1
2017-06-19 07:00:00,0.1
2017-06-19 09:00:00,0.1
2017-06-19 11:00:00,0.275
2017-06-19 13:00:00,0.2
2017-06-19 15:00:00,0.1
2017-06-19 17:00:00,0.1
2017-06-19 19:00:00,0.1
2017-06-19 21:00:00,0.1
2017-06-19 23:00:00,0.1
2017-06-24 01:00:00,0.1
2017-06-24 03:00:00,0.1
2017-06-24 05:00:00,0.1
2017-06-24 07:00:00,0.2
2017-06-24 09:00:00,0.1
2017-06-24 11:00:00,0.1
2017-06-24 13:00:00,0.1
2017-06-24 15:00:00,0.1
2017-06-24 17:00:00,0.1
2017-06-24 19:00:00,0.1
2017-06-24 21:00:00,0.1
2017-06-24 23:00:00,0.1
2017-06-25 01:00:00,0.1
2017-06-25 03:00:00,0.1
2017-06-25 05:00:00,0.1
2017-06-25 07:00:00,0.2
2017-06-25 09:00:00,0.1
2017-06-25 11:00:00,0.1
2017-06-25 13:00:00,0.1
2017-06-25 15:00:00,0.1
2017-06-25 17:00:00,0.1
2017-06-25 19:00:00,0.1
2017-06-25 21:00:00,0.1
2017-06-25 23:00:00,0.1
2017-06-26 01:00:00,0.1
2017-06-26 03:00:00,0.1
2017-06-26 05:00:00,0.1
2017-06-26 07:00:00,0.1
2017-06-26 09:00:00,0.1
2017-06-26 11:00:00,0.1
2017-06-26 13:00:00,0.1
2017-06-26 15:00:00,0.1
2017-06-26 17:00:00,0.1
2017-06-26 19:00:00,0.1
2017-06-26 21:00:00,0.1
2017-06-26 23:00:00,0.1
2017-06-28 01:00:00,0.1
2017-06-28 03:00:00,0.1
2017-06-28 05:00:00,0.1
2017-06-28 07:00:00,0.1
2017-06-28 09:00:00,0.1
2017-06-28 11:00:00,0.1
2017-06-28 13:00:00,0.1
2017-06-28 15:00:00,0.1
2017-06-28 17:00:00,0.1
2017-06-28 19:00:00,0.1
2017-06-28 21:00:00,0.1
2017-06-28 23:00:00,0.1
2017-06-29 01:00:00,0.1
2017-06-29 03:00:00,0.1
2017-06-29 05:00:00,0.1
2017-06-29 07:00:00,0.1
2017-06-29 09:00:00,0.1
2017-06-29 11:00:00,0.1
2017-06-29 13:00:00,0.1
2017-06-29 15:00:00,0.1
2017-06-29 17:00:00,0.1
2017-06-29 19:00:00,0.1
2017-06-29 21:00:00,0.1
2017-06-29 23:00:00,0.1
2017-06-30 01:00:00,0.1
2017-06-30 03:00:00,0.1
2017-06-30 05:00:00,0.1
2017-06-30 07:00:00,0.1
2017-06-30 09:00:00,0.1
2017-06-30 11:00:00,0.1
2017-06-30 13:00:00,0.1
2017-06-30 15:00:00,0.1
2017-06-30 17:00:00,0.1
2017-06-30 19:00:00,0.1
2017-06-30 21:00:00,0.1
2017-06-30 23:00:00,0.1
2019-03-01 01:00:00,0.575
2019-03-01 03:00:00,0.275
2019-03-01 05:00:00,0.2
2019-03-01 07:00:00,0.1
2019-03-01 09:00:00,0.1
2019-03-01 11:00:00,0.275
2019-03-01 13:00:00,0.375
2019-03-01 15:00:00,0.6
2019-03-01 17:00:00,0.7
2019-03-01 19:00:00,0.475
2019-03-01 21:00:00,0.375
2019-03-01 23:00:00,0.5
2019-03-02 01:00:00,0.775
2019-03-02 03:00:00,0.7
2019-03-02 05:00:00,0.275
2019-03-02 07:00:00,0.125
2019-03-02 09:00:00,0.1
2019-03-02 11:00:00,0.1
2019-03-02 13:00:00,0.2
2019-03-02 15:00:00,0.675
2019-03-02 17:00:00,1.075
2019-03-02 19:00:00,0.875
2019-03-02 21:00:00,0.675
2019-03-02 23:00:00,0.5
2019-03-05 01:00:00,0.275
2019-03-05 03:00:00,0.575
2019-03-05 05:00:00,0.7
2019-03-05 07:00:00,0.375
2019-03-05 09:00:00,0.2
2019-03-05 11:00:00,0.1
2019-03-05 13:00:00,0.1
2019-03-05 15:00:00,0.275
2019-03-05 17:00:00,0.675
2019-03-05 19:00:00,0.975
2019-03-05 21:00:00,0.675
2019-03-05 23:00:00,0.275
2019-03-06 01:00:00,0.2
2019-03-06 03:00:00,0.575
2019-03-06 05:00:00,0.775
2019-03-06 07:00:00,0.475
2019-03-06 09:00:00,0.2
2019-03-06 11:00:00,0.1
2019-03-06 13:00:00,0.1
2019-03-06 15:00:00,0.2
2019-03-06 17:00:00,0.475
2019-03-06 19:00:00,0.775
2019-03-06 21:00:00,0.575
2019-03-06 23:00:00,0.2
2019-03-07 01:00:00,0.175
2019-03-07 03:00:00,0.375
2019-03-07 05:00:00,0.775
2019-03-07 07:00:00,0.7
2019-03-07 09:00:00,0.275
2019-03-07 11:00:00,0.1
2019-03-07 13:00:00,0.1
2019-03-07 15:00:00,0.2
2019-03-07 17:00:00,0.375
2019-03-07 19:00:00,0.575
2019-03-07 21:00:00,0.375
2019-03-07 23:00:00,0.2
2019-03-11 01:00:00,0.1
2019-03-11 03:00:00,0.1
2019-03-11 05:00:00,0.2
2019-03-11 07:00:00,0.375
2019-03-11 09:00:00,0.5
2019-03-11 11:00:00,0.275
2019-03-11 13:00:00,0.1
2019-03-11 15:00:00,0.1
2019-03-11 17:00:00,0.2
2019-03-11 19:00:00,0.275
2019-03-11 21:00:00,0.375
2019-03-11 23:00:00,0.275
2019-03-12 01:00:00,0.1
2019-03-12 03:00:00,0.1
2019-03-12 05:00:00,0.2
2019-03-12 07:00:00,0.375
2019-03-12 09:00:00,0.4
2019-03-12 11:00:00,0.2
2019-03-12 13:00:00,0.1
2019-03-12 15:00:00,0.1
2019-03-12 17:00:00,0.1
2019-03-12 19:00:00,0.2
2019-03-12 21:00:00,0.30000000000000004
2019-03-12 23:00:00,0.2
2019-03-16 01:00:00,0.1
2019-03-16 03:00:00,0.1
2019-03-16 05:00:00,0.1
2019-03-16 07:00:00,0.1
2019-03-16 09:00:00,0.1
2019-03-16 11:00:00,0.1
2019-03-16 13:00:00,0.125
2019-03-16 15:00:00,0.2
2019-03-16 17:00:00,0.2
2019-03-16 19:00:00,0.175
2019-03-16 21:00:00,0.175
2019-03-16 23:00:00,0.2
2019-03-17 01:00:00,0.125
2019-03-17 03:00:00,0.1
2019-03-17 05:00:00,0.1
2019-03-17 07:00:00,0.1
2019-03-17 09:00:00,0.1
2019-03-17 11:00:00,0.1
2019-03-17 13:00:00,0.2
2019-03-17 15:00:00,0.275
2019-03-17 17:00:00,0.30000000000000004
2019-03-17 19:00:00,0.2
2019-03-17 21:00:00,0.175
2019-03-17 23:00:00,0.2
2019-03-20 01:00:00,0.2
2019-03-20 03:00:00,0.375
2019-03-20 05:00:00,0.5
2019-03-20 07:00:00,0.275
2019-03-20 09:00:00,0.1
2019-03-20 11:00:00,0.1
2019-03-20 13:00:00,0.1
2019-03-20 15:00:00,0.2
2019-03-20 17:00:00,0.475
2019-03-20 19:00:00,0.4
2019-03-20 21:00:00,0.2
2019-03-20 23:00:00,0.175
2019-03-21 01:00:00,0.275
2019-03-21 03:00:00,0.475
2019-03-21 05:00:00,0.6
2019-03-21 07:00:00,0.375
2019-03-21 09:00:00,0.2
2019-03-21 11:00:00,0.1
2019-03-21 13:00:00,0.1
2019-03-21 15:00:00,0.2
2019-03-21 17:00:00,0.475
2019-03-21 19:00:00,0.675
2019-03-21 21:00:00,0.375
2019-03-21 23:00:00,0.2
2019-03-22 01:00:00,0.175
2019-03-22 03:00:00,0.375
2019-03-22 05:00:00,0.7
2019-03-22 07:00:00,0.575
2019-03-22 09:00:00,0.275
2019-03-22 11:00:00,0.125
2019-03-22 13:00:00,0.1
2019-03-22 15:00:00,0.1
2019-03-22 17:00:00,0.375
2019-03-22 19:00:00,0.675
2019-03-22 21:00:00,0.475
2019-03-22 23:00:00,0.2
2019-03-25 01:00:00,0.2
2019-03-25 03:00:00,0.1
2019-03-25 05:00:00,0.275
2019-03-25 07:00:00,0.575
2019-03-25 09:00:00,0.675
2019-03-25 11:00:00,0.4
2019-03-25 13:00:00,0.2
2019-03-25 15:00:00,0.175
2019-03-25 17:00:00,0.475
2019-03-25 19:00:00,0.675
2019-03-25 21:00:00,0.7999999999999999
2019-03-25 23:00:00,0.375
2019-03-26 01:00:00,0.175
2019-03-26 03:00:00,0.1
2019-03-26 05:00:00,0.1
2019-03-26 07:00:00,0.275
2019-03-26 09:00:00,0.575
2019-03-26 11:00:00,0.475
2019-03-26 13:00:00,0.275
2019-03-26 15:00:00,0.2
2019-03-26 17:00:00,0.275
2019-03-26 19:00:00,0.575
2019-03-26 21:00:00,0.775
2019-03-26 23:00:00,0.475
2019-03-29 01:00:00,0.175
2019-03-29 03:00:00,0.1
2019-03-29 05:00:00,0.1
2019-03-29 07:00:00,0.1
2019-03-29 09:00:00,0.1
2019-03-29 11:00:00,0.125
2019-03-29 13:00:00,0.275
2019-03-29 15:00:00,0.30000000000000004
2019-03-29 17:00:00,0.2
2019-03-29 19:00:00,0.175
2019-03-29 21:00:00,0.175
2019-03-29 23:00:00,0.2
2019-03-30 01:00:00,0.125
2019-03-30 03:00:00,0.1
2019-03-30 05:00:00,0.1
2019-03-30 07:00:00,0.1
2019-03-30 09:00:00,0.1
2019-03-30 11:00:00,0.175
2019-03-30 13:00:00,0.2
2019-03-30 15:00:00,0.275
2019-03-30 17:00:00,0.30000000000000004
2019-03-30 19:00:00,0.2
2019-03-30 21:00:00,0.175
2019-03-30 23:00:00,0.175
2019-04-04 01:00:00,0.8
2019-04-04 03:00:00,1.2
2019-04-04 05:00:00,1.475
2019-04-04 07:00:00,1.1
2019-04-04 09:00:00,0.375
2019-04-04 11:00:00,0.125
2019-04-04 13:00:00,0.175
2019-04-04 15:00:00,0.7
2019-04-04 17:00:00,1.5
2019-04-04 19:00:00,1.575
2019-04-04 21:00:00,0.9
2019-04-04 23:00:00,0.3
2019-04-05 01:00:00,0.475
2019-04-05 03:00:00,1.1
2019-04-05 05:00:00,1.5999999999999999
2019-04-05 07:00:00,1.375
2019-04-05 09:00:00,0.8
2019-04-05 11:00:00,0.2
2019-04-05 13:00:00,0.25
2019-04-05 15:00:00,0.9
2019-04-05 17:00:00,1.5
2019-04-05 19:00:00,1.575
2019-04-05 21:00:00,1.1
2019-04-05 23:00:00,0.5
2019-04-06 01:00:00,0.275
2019-04-06 03:00:00,0.7
2019-04-06 05:00:00,1.5
2019-04-06 07:00:00,1.475
2019-04-06 09:00:00,0.9
2019-04-06 11:00:00,0.275
2019-04-06 13:00:00,0.2
2019-04-06 15:00:00,0.7
2019-04-06 17:00:00,1.4
2019-04-06 19:00:00,1.475
2019-04-06 21:00:00,0.9
2019-04-06 23:00:00,0.4
2019-04-09 01:00:00,0.175
2019-04-09 03:00:00,0.1
2019-04-09 05:00:00,0.4
2019-04-09 07:00:00,0.9
2019-04-09 09:00:00,0.875
2019-04-09 11:00:00,0.475
2019-04-09 13:00:00,0.2
2019-04-09 15:00:00,0.175
2019-04-09 17:00:00,0.5
2019-04-09 19:00:00,1.0
2019-04-09 21:00:00,0.875
2019-04-09 23:00:00,0.375
2019-04-10 01:00:00,0.125
2019-04-10 03:00:00,0.1
2019-04-10 05:00:00,0.2
2019-04-10 07:00:00,0.475
2019-04-10 09:00:00,0.675
2019-04-10 11:00:00,0.375
2019-04-10 13:00:00,0.125
2019-04-10 15:00:00,0.175
2019-04-10 17:00:00,0.375
2019-04-10 19:00:00,0.775
2019-04-10 21:00:00,0.75
2019-04-10 23:00:00,0.475
2019-04-13 01:00:00,0.275
2019-04-13 03:00:00,0.125
2019-04-13 05:00:00,0.1
2019-04-13 07:00:00,0.1
2019-04-13 09:00:00,0.2
2019-04-13 11:00:00,0.275
2019-04-13 13:00:00,0.475
2019-04-13 15:00:00,0.375
2019-04-13 17:00:00,0.2
2019-04-13 19:00:00,0.175
2019-04-13 21:00:00,0.2
2019-04-13 23:00:00,0.2
2019-04-14 01:00:00,0.125
2019-04-14 03:00:00,0.1
2019-04-14 05:00:00,0.1
2019-04-14 07:00:00,0.1
2019-04-14 09:00:00,0.125
2019-04-14 11:00:00,0.2
2019-04-14 13:00:00,0.375
2019-04-14 15:00:00,0.35
2019-04-14 17:00:00,0.275
2019-04-14 19:00:00,0.2
2019-04-14 21:00:00,0.2
2019-04-14 23:00:00,0.175
2019-04-15 01:00:00,0.125
2019-04-15 03:00:00,0.1
2019-04-15 05:00:00,0.1
2019-04-15 07:00:00,0.1
2019-04-15 09:00:00,0.1
2019-04-15 11:00:00,0.125
2019-04-15 13:00:00,0.275
2019-04-15 15:00:00,0.375
2019-04-15 17:00:00,0.35
2019-04-15 19:00:00,0.2
2019-04-15 21:00:00,0.125
2019-04-15 23:00:00,0.125
2019-04-18 01:00:00,0.2
2019-04-18 03:00:00,0.375
2019-04-18 05:00:00,0.35
2019-04-18 07:00:00,0.2
2019-04-18 09:00:00,0.125
2019-04-18 11:00:00,0.1
2019-04-18 13:00:00,0.1
2019-04-18 15:00:00,0.375
2019-04-18 17:00:00,0.675
2019-04-18 19:00:00,0.575
2019-04-18 21:00:00,0.2
2019-04-18 23:00:00,0.125
2019-04-19 01:00:00,0.1
2019-04-19 03:00:00,0.275
2019-04-19 05:00:00,0.575
2019-04-19 07:00:00,0.475
2019-04-19 09:00:00,0.2
2019-04-19 11:00:00,0.125
2019-04-19 13:00:00,0.1
2019-04-19 15:00:00,0.375
2019-04-19 17:00:00,0.8
2019-04-19 19:00:00,0.675
2019-04-19 21:00:00,0.275
2019-04-19 23:00:00,0.125
2019-04-20 01:00:00,0.1
2019-04-20 03:00:00,0.275
2019-04-20 05:00:00,0.675
2019-04-20 07:00:00,0.575
2019-04-20 09:00:00,0.275
2019-04-20 11:00:00,0.125
2019-04-20 13:00:00,0.1
2019-04-20 15:00:00,0.275
2019-04-20 17:00:00,0.575
2019-04-20 19:00:00,0.675
2019-04-20 21:00:00,0.375
2019-04-20 23:00:00,0.125
2019-04-21 01:00:00,0.1
2019-04-21 03:00:00,0.175
2019-04-21 05:00:00,0.475
2019-04-21 07:00:00,0.575
2019-04-21 09:00:00,0.375
2019-04-21 11:00:00,0.2
2019-04-21 13:00:00,0.125
2019-04-21 15:00:00,0.175
2019-04-21 17:00:00,0.475
2019-04-21 19:00:00,0.575
2019-04-21 21:00:00,0.475
2019-04-21 23:00:00,0.2
2019-04-23 01:00:00,0.1
2019-04-23 03:00:00,0.1
2019-04-23 05:00:00,0.2
2019-04-23 07:00:00,0.475
2019-04-23 09:00:00,0.575
2019-04-23 11:00:00,0.375
2019-04-23 13:00:00,0.2
2019-04-23 15:00:00,0.175
2019-04-23 17:00:00,0.375
2019-04-23 19:00:00,0.675
2019-04-23 21:00:00,0.475
2019-04-23 23:00:00,0.2
2019-04-24 01:00:00,0.125
2019-04-24 03:00:00,0.1
2019-04-24 05:00:00,0.125
2019-04-24 07:00:00,0.375
2019-04-24 09:00:00,0.575
2019-04-24 11:00:00,0.475
2019-04-24 13:00:00,0.2
2019-04-24 15:00:00,0.175
2019-04-24 17:00:00,0.275
2019-04-24 19:00:00,0.475
2019-04-24 21:00:00,0.45
2019-04-24 23:00:00,0.275
2019-04-27 01:00:00,0.125
2019-04-27 03:00:00,0.1
2019-04-27 05:00:00,0.1
2019-04-27 07:00:00,0.175
2019-04-27 09:00:00,0.2
2019-04-27 11:00:00,0.275
2019-04-27 13:00:00,0.375
2019-04-27 15:00:00,0.30000000000000004
2019-04-27 17:00:00,0.275
2019-04-27 19:00:00,0.275
2019-04-27 21:00:00,0.2
2019-04-27 23:00:00,0.125
2019-04-28 01:00:00,0.1
2019-04-28 03:00:00,0.1
2019-04-28 05:00:00,0.1
2019-04-28 07:00:00,0.1
2019-04-28 09:00:00,0.125
2019-04-28 11:00:00,0.2
2019-04-28 13:00:00,0.275
2019-04-28 15:00:00,0.375
2019-04-28 17:00:00,0.275
2019-04-28 19:00:00,0.2
2019-04-28 21:00:00,0.125
2019-04-28 23:00:00,0.2
2020-02-02 01:00:00,7.3
2020-02-02 03:00:00,6.5
2020-02-02 05:00:00,6.0
2020-02-02 07:00:00,6.1
2020-02-02 09:00:00,6.7
2020-02-02 11:00:00,6.8
2020-02-02 13:00:00,5.5
2020-02-02 15:00:00,5.0
2020-02-02 17:00:00,4.6
2020-02-02 19:00:00,6.0
2020-02-02 21:00:00,6.3
2020-02-02 23:00:00,7.2
2020-02-03 01:00:00,6.7
2020-02-03 03:00:00,5.6
2020-02-03 05:00:00,5.0
2020-02-03 07:00:00,4.5
2020-02-03 09:00:00,5.0
2020-02-03 11:00:00,5.9
2020-02-03 13:00:00,6.1
2020-02-03 15:00:00,5.9
2020-02-03 17:00:00,5.5
2020-02-03 19:00:00,5.8
2020-02-03 21:00:00,6.2
2020-02-03 23:00:00,6.5
2020-02-07 01:00:00,11.1
2020-02-07 03:00:00,11.4
2020-02-07 05:00:00,10.3
2020-02-07 07:00:00,8.5
2020-02-07 09:00:00,7.8
2020-02-07 11:00:00,6.7
2020-02-07 13:00:00,8.3
2020-02-07 15:00:00,9.4
2020-02-07 17:00:00,11.4
2020-02-07 19:00:00,11.1
2020-02-07 21:00:00,10.4
2020-02-07 23:00:00,9.8
2020-02-08 01:00:00,10.7
2020-02-08 03:00:00,11.2
2020-02-08 05:00:00,9.9
2020-02-08 07:00:00,9.0
2020-02-08 09:00:00,8.3
2020-02-08 11:00:00,7.5
2020-02-08 13:00:00,7.7
2020-02-08 15:00:00,9.0
2020-02-08 17:00:00,10.9
2020-02-08 19:00:00,11.6
2020-02-08 21:00:00,11.1
2020-02-08 23:00:00,10.2
2020-02-10 01:00:00,11.0
2020-02-10 03:00:00,12.9
2020-02-10 05:00:00,13.3
2020-02-10 07:00:00,12.4
2020-02-10 09:00:00,10.5
2020-02-10 11:00:00,9.7
2020-02-10 13:00:00,5.8
2020-02-10 15:00:00,9.7
2020-02-10 17:00:00,11.4
2020-02-10 19:00:00,13.2
2020-02-10 21:00:00,12.4
2020-02-10 23:00:00,11.2
2020-02-11 01:00:00,10.5
2020-02-11 03:00:00,12.6
2020-02-11 05:00:00,14.2
2020-02-11 07:00:00,13.8
2020-02-11 09:00:00,12.2
2020-02-11 11:00:00,10.6
2020-02-11 13:00:00,9.5
2020-02-11 15:00:00,9.7
2020-02-11 17:00:00,11.0
2020-02-11 19:00:00,12.9
2020-02-11 21:00:00,13.1
2020-02-11 23:00:00,11.4
2020-02-12 01:00:00,10.1
2020-02-12 03:00:00,10.8
2020-02-12 05:00:00,12.9
2020-02-12 07:00:00,13.8
2020-02-12 09:00:00,13.1
2020-02-12 11:00:00,11.2
2020-02-12 13:00:00,9.8
2020-02-12 15:00:00,8.3
2020-02-12 17:00:00,10.5
2020-02-12 19:00:00,12.3
2020-02-12 21:00:00,13.0
2020-02-12 23:00:00,11.3
2020-02-16 01:00:00,10.0
2020-02-16 03:00:00,8.4
2020-02-16 05:00:00,7.3
2020-02-16 07:00:00,7.8
2020-02-16 09:00:00,9.1
2020-02-16 11:00:00,10.0
2020-02-16 13:00:00,9.3
2020-02-16 15:00:00,7.6
2020-02-16 17:00:00,7.2
2020-02-16 19:00:00,8.4
2020-02-16 21:00:00,9.8
2020-02-16 23:00:00,10.0
2020-02-17 01:00:00,8.7
2020-02-17 03:00:00,7.8
2020-02-17 05:00:00,6.5
2020-02-17 07:00:00,6.0
2020-02-17 09:00:00,7.5
2020-02-17 11:00:00,9.3
2020-02-17 13:00:00,10.0
2020-02-17 15:00:00,9.3
2020-02-17 17:00:00,9.4
2020-02-17 19:00:00,10.2
2020-02-17 21:00:00,11.4
2020-02-17 23:00:00,12.5
2020-02-20 01:00:00,14.6
2020-02-20 03:00:00,14.3
2020-02-20 05:00:00,11.9
2020-02-20 07:00:00,10.1
2020-02-20 09:00:00,9.5
2020-02-20 11:00:00,8.2
2020-02-20 13:00:00,11.1
2020-02-20 15:00:00,12.2
2020-02-20 17:00:00,14.0
2020-02-20 19:00:00,14.7
2020-02-20 21:00:00,14.0
2020-02-20 23:00:00,13.5
2020-02-21 01:00:00,14.3
2020-02-21 03:00:00,14.9
2020-02-21 05:00:00,13.2
2020-02-21 07:00:00,12.0
2020-02-21 09:00:00,10.1
2020-02-21 11:00:00,9.2
2020-02-21 13:00:00,11.5
2020-02-21 15:00:00,12.6
2020-02-21 17:00:00,15.2
2020-02-21 19:00:00,15.6
2020-02-21 21:00:00,14.8
2020-02-21 23:00:00,14.5
2020-02-24 01:00:00,13.8
2020-02-24 03:00:00,12.9
2020-02-24 05:00:00,14.2
2020-02-24 07:00:00,15.9
2020-02-24 09:00:00,16.2
2020-02-24 11:00:00,15.6
2020-02-24 13:00:00,13.4
2020-02-24 15:00:00,11.3
2020-02-24 17:00:00,13.8
2020-02-24 19:00:00,15.0
2020-02-24 21:00:00,16.3
2020-02-24 23:00:00,15.2
2020-02-25 01:00:00,13.4
2020-02-25 03:00:00,15.7
2020-02-25 05:00:00,17.0
2020-02-25 07:00:00,16.0
2020-02-25 09:00:00,15.1
2020-02-25 11:00:00,13.6
2020-02-25 13:00:00,12.6
2020-02-25 15:00:00,13.3
2020-02-25 17:00:00,14.8
2020-02-25 19:00:00,16.8
2020-02-25 21:00:00,15.9
2020-02-25 23:00:00,13.8
2020-02-28 01:00:00,14.5
2020-02-28 03:00:00,14.0
2020-02-28 05:00:00,15.9
2020-02-28 07:00:00,17.0
2020-02-28 09:00:00,17.0
2020-02-28 11:00:00,15.0
2020-02-28 13:00:00,13.5
2020-02-28 15:00:00,12.4
2020-02-28 17:00:00,14.7
2020-02-28 19:00:00,16.3
2020-02-28 21:00:00,16.8
2020-02-28 23:00:00,15.1
2020-02-29 01:00:00,15.2
2020-02-29 03:00:00,16.3
2020-02-29 05:00:00,16.9
2020-02-29 07:00:00,15.5
2020-02-29 09:00:00,14.4
2020-02-29 11:00:00,12.7
2020-02-29 13:00:00,13.3
2020-02-29 15:00:00,14.1
2020-02-29 17:00:00,15.5
2020-02-29 19:00:00,17.2
2020-02-29 21:00:00,16.2
2020-02-29 23:00:00,15.1
2020-03-03 01:00:00,12.9
2020-03-03 03:00:00,12.0
2020-03-03 05:00:00,10.8
2020-03-03 07:00:00,12.3
2020-03-03 09:00:00,14.2
2020-03-03 11:00:00,15.8
2020-03-03 13:00:00,14.4
2020-03-03 15:00:00,14.1
2020-03-03 17:00:00,13.2
2020-03-03 19:00:00,14.7
2020-03-03 21:00:00,15.6
2020-03-03 23:00:00,15.9
2020-03-04 01:00:00,14.6
2020-03-04 03:00:00,12.7
2020-03-04 05:00:00,11.8
2020-03-04 07:00:00,10.1
2020-03-04 09:00:00,12.8
2020-03-04 11:00:00,14.3
2020-03-04 13:00:00,14.2
2020-03-04 15:00:00,14.4
2020-03-04 17:00:00,14.8
2020-03-04 19:00:00,14.7
2020-03-04 21:00:00,14.9
2020-03-04 23:00:00,15.2
2020-03-07 01:00:00,15.1
2020-03-07 03:00:00,15.0
2020-03-07 05:00:00,13.0
2020-03-07 07:00:00,11.6
2020-03-07 09:00:00,10.1
2020-03-07 11:00:00,9.2
2020-03-07 13:00:00,12.6
2020-03-07 15:00:00,14.6
2020-03-07 17:00:00,15.7
2020-03-07 19:00:00,15.1
2020-03-07 21:00:00,14.3
2020-03-07 23:00:00,12.5
2020-03-08 01:00:00,14.7
2020-03-08 03:00:00,15.3
2020-03-08 05:00:00,13.9
2020-03-08 07:00:00,12.0
2020-03-08 09:00:00,11.1
2020-03-08 11:00:00,9.8
2020-03-08 13:00:00,13.1
2020-03-08 15:00:00,13.7
2020-03-08 17:00:00,15.6
2020-03-08 19:00:00,15.3
2020-03-08 21:00:00,14.4
2020-03-08 23:00:00,12.7
2020-03-09 01:00:00,14.1
2020-03-09 03:00:00,15.3
2020-03-09 05:00:00,15.5
2020-03-09 07:00:00,14.0
2020-03-09 09:00:00,12.2
2020-03-09 11:00:00,11.4
2020-03-09 13:00:00,11.0
2020-03-09 15:00:00,13.1
2020-03-09 17:00:00,15.3
2020-03-09 19:00:00,15.5
2020-03-09 21:00:00,14.2
2020-03-09 23:00:00,12.8
2020-03-11 01:00:00,13.0
2020-03-11 03:00:00,15.2
2020-03-11 05:00:00,16.4
2020-03-11 07:00:00,16.2
2020-03-11 09:00:00,14.0
2020-03-11 11:00:00,13.3
2020-03-11 13:00:00,12.0
2020-03-11 15:00:00,12.4
2020-03-11 17:00:00,14.5
2020-03-11 19:00:00,16.4
2020-03-11 21:00:00,15.1
2020-03-11 23:00:00,14.4
2020-03-12 01:00:00,13.2
2020-03-12 03:00:00,13.7
2020-03-12 05:00:00,15.9
2020-03-12 07:00:00,17.1
2020-03-12 09:00:00,15.9
2020-03-12 11:00:00,13.8
2020-03-12 13:00:00,12.4
2020-03-12 15:00:00,12.0
2020-03-12 17:00:00,14.5
2020-03-12 19:00:00,16.4
2020-03-12 21:00:00,16.3
2020-03-12 23:00:00,14.0
2020-03-17 01:00:00,14.4
2020-03-17 03:00:00,13.4
2020-03-17 05:00:00,11.5
2020-03-17 07:00:00,12.0
2020-03-17 09:00:00,13.3
2020-03-17 11:00:00,14.8
2020-03-17 13:00:00,15.7
2020-03-17 15:00:00,16.0
2020-03-17 17:00:00,15.8
2020-03-17 19:00:00,15.8
2020-03-17 21:00:00,16.0
2020-03-17 23:00:00,15.6
2020-03-18 01:00:00,15.0
2020-03-18 03:00:00,14.2
2020-03-18 05:00:00,13.2
2020-03-18 07:00:00,10.3
2020-03-18 09:00:00,11.3
2020-03-18 11:00:00,12.9
2020-03-18 13:00:00,13.8
2020-03-18 15:00:00,14.9
2020-03-18 17:00:00,15.2
2020-03-18 19:00:00,14.7
2020-03-18 21:00:00,14.7
2020-03-18 23:00:00,14.4
2020-03-19 01:00:00,13.8
2020-03-19 03:00:00,12.1
2020-03-19 05:00:00,11.3
2020-03-19 07:00:00,10.2
2020-03-19 09:00:00,8.6
2020-03-19 11:00:00,11.5
2020-03-19 13:00:00,13.2
2020-03-19 15:00:00,14.5
2020-03-19 17:00:00,15.2
2020-03-19 19:00:00,14.9
2020-03-19 21:00:00,14.2
2020-03-19 23:00:00,14.2
2020-03-23 01:00:00,12.9
2020-03-23 03:00:00,14.1
2020-03-23 05:00:00,15.2
2020-03-23 07:00:00,13.8
2020-03-23 09:00:00,11.5
2020-03-23 11:00:00,10.7
2020-03-23 13:00:00,11.4
2020-03-23 15:00:00,12.6
2020-03-23 17:00:00,14.8
2020-03-23 19:00:00,15.1
2020-03-23 21:00:00,13.7
2020-03-23 23:00:00,12.8
2020-03-24 01:00:00,12.1
2020-03-24 03:00:00,13.9
2020-03-24 05:00:00,15.2
2020-03-24 07:00:00,14.4
2020-03-24 09:00:00,12.9
2020-03-24 11:00:00,12.1
2020-03-24 13:00:00,11.2
2020-03-24 15:00:00,13.7
2020-03-24 17:00:00,15.0
2020-03-24 19:00:00,15.5
2020-03-24 21:00:00,14.3
2020-03-24 23:00:00,13.1
2020-03-25 01:00:00,12.4
2020-03-25 03:00:00,14.2
2020-03-25 05:00:00,15.6
2020-03-25 07:00:00,15.4
2020-03-25 09:00:00,13.8
2020-03-25 11:00:00,12.6
2020-03-25 13:00:00,10.9
2020-03-25 15:00:00,13.0
2020-03-25 17:00:00,14.0
2020-03-25 19:00:00,15.9
2020-03-25 21:00:00,14.4
2020-03-25 23:00:00,13.1
2020-03-29 01:00:00,12.5
2020-03-29 03:00:00,11.0
2020-03-29 05:00:00,12.9
2020-03-29 07:00:00,14.3
2020-03-29 09:00:00,15.5
2020-03-29 11:00:00,14.2
2020-03-29 13:00:00,12.6
2020-03-29 15:00:00,11.5
2020-03-29 17:00:00,14.2
2020-03-29 19:00:00,15.3
2020-03-29 21:00:00,15.1
2020-03-29 23:00:00,13.3
2020-03-30 01:00:00,12.5
2020-03-30 03:00:00,11.2
2020-03-30 05:00:00,10.7
2020-03-30 07:00:00,13.1
2020-03-30 09:00:00,14.5
2020-03-30 11:00:00,13.9
2020-03-30 13:00:00,12.6
2020-03-30 15:00:00,11.9
2020-03-30 17:00:00,13.2
2020-03-30 19:00:00,14.0
2020-03-30 21:00:00,14.7
2020-03-30 23:00:00,12.9
